,Env,SampleID
0,root:Engineered:Wastewater,SRR980322
1,root:Engineered:Wastewater,SRR980323
2,root:Engineered:Wastewater,SRR980324
3,root:Engineered:Wastewater,SRR980325
4,root:Engineered:Wastewater,ERR2612198
5,root:Engineered:Wastewater,ERR2190261
6,root:Engineered:Wastewater,ERR2260402
7,root:Engineered:Wastewater,ERR2260403
8,root:Engineered:Wastewater,ERR2260404
9,root:Engineered:Wastewater,ERR2260405
10,root:Engineered:Wastewater,ERR2260406
11,root:Engineered:Wastewater,ERR2260407
12,root:Engineered:Wastewater,ERR2260408
13,root:Engineered:Wastewater,ERR2260409
14,root:Engineered:Wastewater,ERR2260410
15,root:Engineered:Wastewater,ERR2260411
16,root:Engineered:Wastewater,ERR2260412
17,root:Engineered:Wastewater,ERR2260413
18,root:Engineered:Wastewater,ERR2260414
19,root:Engineered:Wastewater,ERR2260415
20,root:Engineered:Wastewater,ERR2260416
21,root:Engineered:Wastewater,ERR2260417
22,root:Engineered:Wastewater,ERR2260418
23,root:Engineered:Wastewater,ERR2260419
24,root:Engineered:Wastewater,ERR2260420
25,root:Engineered:Wastewater,ERR2260421
26,root:Engineered:Wastewater,ERR2260422
27,root:Engineered:Wastewater,ERR2260423
28,root:Engineered:Wastewater,ERR2260424
29,root:Engineered:Wastewater,ERR2260425
30,root:Engineered:Wastewater,ERR2260426
31,root:Engineered:Wastewater,ERR2260427
32,root:Engineered:Wastewater,ERR2260428
33,root:Engineered:Wastewater,ERR2260429
34,root:Engineered:Wastewater,ERR2260430
35,root:Engineered:Wastewater,ERR2260431
36,root:Engineered:Wastewater,ERR2260432
37,root:Engineered:Wastewater,ERR2260433
38,root:Engineered:Wastewater,ERR2260434
39,root:Engineered:Wastewater,ERR2260435
40,root:Engineered:Wastewater,ERR2260436
41,root:Engineered:Wastewater,ERR2260437
42,root:Engineered:Wastewater,ERR2260438
43,root:Engineered:Wastewater,ERR2260439
44,root:Engineered:Wastewater,ERR2260440
45,root:Engineered:Wastewater,ERR2260441
46,root:Engineered:Wastewater,ERR2260442
47,root:Engineered:Wastewater,ERR2260443
48,root:Engineered:Wastewater,ERR2260444
49,root:Engineered:Wastewater,ERR2260445
50,root:Engineered:Wastewater,ERR2260446
51,root:Engineered:Wastewater,ERR2260447
52,root:Engineered:Wastewater,ERR2260448
53,root:Engineered:Wastewater,ERR2260449
54,root:Engineered:Wastewater,ERR2260450
55,root:Engineered:Wastewater,SRR1657892
56,root:Engineered:Wastewater,SRR2299948
57,root:Engineered:Wastewater,SRR2299949
58,root:Engineered:Wastewater,SRR2299950
59,root:Engineered:Wastewater,ERR3258496
60,root:Engineered:Wastewater,ERR2543095
61,root:Engineered:Wastewater,ERR2543096
62,root:Engineered:Wastewater,ERR2814645
63,root:Engineered:Wastewater,ERR2814646
64,root:Engineered:Wastewater,ERR2814647
65,root:Engineered:Wastewater,ERR2814648
66,root:Engineered:Wastewater,ERR2814649
67,root:Engineered:Wastewater,ERR2814650
68,root:Engineered:Wastewater,ERR2814651
69,root:Engineered:Wastewater,ERR2814652
70,root:Engineered:Wastewater,ERR2814653
71,root:Engineered:Wastewater,ERR2814654
72,root:Engineered:Wastewater,ERR2814655
73,root:Engineered:Wastewater,ERR2814656
74,root:Engineered:Wastewater,ERR2814657
75,root:Engineered:Wastewater,ERR2814658
76,root:Engineered:Wastewater,ERR2814659
77,root:Engineered:Wastewater,ERR2814660
78,root:Engineered:Wastewater,ERR2814661
79,root:Engineered:Wastewater,ERR2814662
80,root:Engineered:Wastewater,ERR2814663
81,root:Engineered:Wastewater,ERR2814664
82,root:Engineered:Wastewater,ERR2814665
83,root:Engineered:Wastewater,ERR2814666
84,root:Engineered:Wastewater,ERR2814667
85,root:Engineered:Wastewater,ERR2814668
86,root:Engineered:Wastewater,ERR2985255
87,root:Engineered:Wastewater,ERR2985256
88,root:Engineered:Wastewater,ERR2985257
89,root:Engineered:Wastewater,ERR2985258
90,root:Engineered:Wastewater,ERR2985259
91,root:Engineered:Wastewater,ERR2985260
92,root:Engineered:Wastewater,ERR2985261
93,root:Engineered:Wastewater,ERR2985262
94,root:Engineered:Wastewater,ERR2985263
95,root:Engineered:Wastewater,ERR2985264
96,root:Engineered:Wastewater,ERR2985265
97,root:Engineered:Wastewater,ERR2985266
98,root:Engineered:Wastewater,ERR2985267
99,root:Engineered:Wastewater,ERR2985268
100,root:Engineered:Wastewater,ERR2985269
101,root:Engineered:Wastewater,ERR2985270
102,root:Engineered:Wastewater,ERR2985271
103,root:Engineered:Wastewater,ERR2985272
104,root:Engineered:Wastewater,ERR2985273
105,root:Engineered:Wastewater,ERR2985274
106,root:Engineered:Wastewater,ERR2985275
107,root:Engineered:Wastewater,ERR2985276
108,root:Engineered:Wastewater,ERR2985277
109,root:Engineered:Wastewater,ERR2985278
110,root:Engineered:Wastewater:Activated_Sludge,SRR627752
111,root:Engineered:Wastewater:Activated_Sludge,SRR627753
112,root:Engineered:Wastewater:Activated_Sludge,SRR627754
113,root:Engineered:Wastewater:Activated_Sludge,SRR627755
114,root:Engineered:Wastewater:Activated_Sludge,SRR627756
115,root:Engineered:Wastewater:Activated_Sludge,SRR627757
116,root:Engineered:Wastewater:Activated_Sludge,SRR627758
117,root:Engineered:Wastewater:Activated_Sludge,SRR627759
118,root:Engineered:Wastewater:Activated_Sludge,SRR627760
119,root:Engineered:Wastewater:Activated_Sludge,SRR627761
120,root:Engineered:Wastewater:Activated_Sludge,SRR627773
121,root:Engineered:Wastewater:Activated_Sludge,SRR627774
122,root:Engineered:Wastewater:Activated_Sludge,SRR627775
123,root:Engineered:Wastewater:Activated_Sludge,SRR627776
124,root:Engineered:Wastewater:Activated_Sludge,SRR2107176
125,root:Engineered:Wastewater:Activated_Sludge,SRR2107177
126,root:Engineered:Wastewater:Activated_Sludge,SRR2107178
127,root:Engineered:Wastewater:Activated_Sludge,SRR2107179
128,root:Engineered:Wastewater:Activated_Sludge,SRR2107180
129,root:Engineered:Wastewater:Activated_Sludge,SRR2107181
130,root:Engineered:Wastewater:Activated_Sludge,SRR2107182
131,root:Engineered:Wastewater:Activated_Sludge,SRR2107183
132,root:Engineered:Wastewater:Activated_Sludge,SRR2107184
133,root:Engineered:Wastewater:Activated_Sludge,SRR2107185
134,root:Engineered:Wastewater:Activated_Sludge,SRR2107210
135,root:Engineered:Wastewater:Activated_Sludge,SRR2107211
136,root:Engineered:Wastewater:Activated_Sludge,SRR2107212
137,root:Engineered:Wastewater:Activated_Sludge,SRR2107213
138,root:Engineered:Wastewater:Activated_Sludge,SRR2107215
139,root:Engineered:Wastewater:Activated_Sludge,SRR2107216
140,root:Engineered:Wastewater:Activated_Sludge,SRR2107218
141,root:Engineered:Wastewater:Activated_Sludge,SRR2107219
142,root:Engineered:Wastewater:Activated_Sludge,SRR090227
143,root:Engineered:Wastewater:Activated_Sludge,ERR459272
144,root:Engineered:Wastewater:Activated_Sludge,ERR459273
145,root:Engineered:Wastewater:Activated_Sludge,ERR459274
146,root:Engineered:Wastewater:Activated_Sludge,ERR459275
147,root:Engineered:Wastewater:Activated_Sludge,ERR459276
148,root:Engineered:Wastewater:Activated_Sludge,ERR459277
149,root:Engineered:Wastewater:Activated_Sludge,ERR459278
150,root:Engineered:Wastewater:Activated_Sludge,ERR459279
151,root:Engineered:Wastewater:Activated_Sludge,ERR459280
152,root:Engineered:Wastewater:Activated_Sludge,ERR459281
153,root:Engineered:Wastewater:Activated_Sludge,ERR459282
154,root:Engineered:Wastewater:Activated_Sludge,ERR459283
155,root:Engineered:Wastewater:Activated_Sludge,ERR2729815
156,root:Engineered:Wastewater:Activated_Sludge,ERR2729816
157,root:Engineered:Wastewater:Activated_Sludge,ERR2729817
158,root:Engineered:Wastewater:Activated_Sludge,ERR2729818
159,root:Engineered:Wastewater:Activated_Sludge,ERR2729819
160,root:Engineered:Wastewater:Activated_Sludge,ERR2729820
161,root:Engineered:Wastewater:Activated_Sludge,ERR2729821
162,root:Engineered:Wastewater:Activated_Sludge,ERR2729822
163,root:Engineered:Wastewater:Activated_Sludge,ERR2729823
164,root:Engineered:Wastewater:Activated_Sludge,ERR2729824
165,root:Engineered:Wastewater:Activated_Sludge,ERR2729825
166,root:Engineered:Wastewater:Activated_Sludge,ERR2729826
167,root:Engineered:Wastewater:Activated_Sludge,ERR2729827
168,root:Engineered:Wastewater:Activated_Sludge,ERR2729828
169,root:Engineered:Wastewater:Activated_Sludge,ERR2729829
170,root:Engineered:Wastewater:Activated_Sludge,ERR2729830
171,root:Engineered:Wastewater:Activated_Sludge,ERR2729831
172,root:Engineered:Wastewater:Activated_Sludge,ERR2729832
173,root:Engineered:Wastewater:Activated_Sludge,ERR2729833
174,root:Engineered:Wastewater:Activated_Sludge,ERR2729834
175,root:Engineered:Wastewater:Activated_Sludge,ERR2729835
176,root:Engineered:Wastewater:Activated_Sludge,ERR2729836
177,root:Engineered:Wastewater:Activated_Sludge,ERR2729837
178,root:Engineered:Wastewater:Activated_Sludge,ERR2729838
179,root:Engineered:Wastewater:Activated_Sludge,ERR2729839
180,root:Engineered:Wastewater:Activated_Sludge,ERR2729840
181,root:Engineered:Wastewater:Activated_Sludge,ERR2729841
182,root:Engineered:Wastewater:Activated_Sludge,ERR2729842
183,root:Engineered:Wastewater:Activated_Sludge,ERR2729843
184,root:Engineered:Wastewater:Activated_Sludge,ERR2729844
185,root:Engineered:Wastewater:Activated_Sludge,ERR2729845
186,root:Engineered:Wastewater:Activated_Sludge,ERR2729846
187,root:Engineered:Wastewater:Activated_Sludge,ERR2729847
188,root:Engineered:Wastewater:Activated_Sludge,ERR2729848
189,root:Engineered:Wastewater:Activated_Sludge,ERR2729849
190,root:Engineered:Wastewater:Activated_Sludge,ERR2729850
191,root:Engineered:Wastewater:Activated_Sludge,ERR2729851
192,root:Engineered:Wastewater:Activated_Sludge,ERR2729852
193,root:Engineered:Wastewater:Activated_Sludge,ERR2729853
194,root:Engineered:Wastewater:Activated_Sludge,ERR2729854
195,root:Engineered:Wastewater:Activated_Sludge,ERR2729855
196,root:Engineered:Wastewater:Activated_Sludge,ERR2729856
197,root:Engineered:Wastewater:Activated_Sludge,ERR2729857
198,root:Engineered:Wastewater:Activated_Sludge,ERR2729858
199,root:Engineered:Wastewater:Activated_Sludge,ERR2729859
200,root:Engineered:Wastewater:Activated_Sludge,ERR2729860
201,root:Engineered:Wastewater:Activated_Sludge,ERR2729861
202,root:Engineered:Wastewater:Activated_Sludge,ERR2729862
203,root:Engineered:Wastewater:Activated_Sludge,ERR2729863
204,root:Engineered:Wastewater:Activated_Sludge,ERR2729864
205,root:Engineered:Wastewater:Activated_Sludge,ERR2729865
206,root:Engineered:Wastewater:Activated_Sludge,ERR2729866
207,root:Engineered:Wastewater:Activated_Sludge,ERR2729867
208,root:Engineered:Wastewater:Activated_Sludge,ERR2729868
209,root:Engineered:Wastewater:Activated_Sludge,ERR2729869
210,root:Engineered:Wastewater:Activated_Sludge,ERR2729870
211,root:Engineered:Wastewater:Activated_Sludge,ERR2729871
212,root:Engineered:Wastewater:Activated_Sludge,ERR2729872
213,root:Engineered:Wastewater:Activated_Sludge,ERR2729873
214,root:Engineered:Wastewater:Activated_Sludge,ERR2729874
215,root:Engineered:Wastewater:Activated_Sludge,ERR2729875
216,root:Engineered:Wastewater:Activated_Sludge,ERR2729876
217,root:Engineered:Wastewater:Activated_Sludge,ERR2729877
218,root:Engineered:Wastewater:Activated_Sludge,ERR2729878
219,root:Engineered:Wastewater:Activated_Sludge,ERR2729879
220,root:Engineered:Wastewater:Activated_Sludge,ERR2729880
221,root:Engineered:Wastewater:Activated_Sludge,ERR2729881
222,root:Engineered:Wastewater:Activated_Sludge,ERR2729882
223,root:Engineered:Wastewater:Activated_Sludge,ERR2729883
224,root:Engineered:Wastewater:Activated_Sludge,ERR2729884
225,root:Engineered:Wastewater:Activated_Sludge,ERR2729885
226,root:Engineered:Wastewater:Activated_Sludge,ERR2729886
227,root:Engineered:Wastewater:Activated_Sludge,ERR2729887
228,root:Engineered:Wastewater:Activated_Sludge,ERR2729888
229,root:Engineered:Wastewater:Activated_Sludge,ERR2729889
230,root:Engineered:Wastewater:Activated_Sludge,ERR2729890
231,root:Engineered:Wastewater:Activated_Sludge,ERR2729891
232,root:Engineered:Wastewater:Activated_Sludge,ERR2729892
233,root:Engineered:Wastewater:Activated_Sludge,ERR2729893
234,root:Engineered:Wastewater:Activated_Sludge,ERR2729894
235,root:Engineered:Wastewater:Activated_Sludge,ERR2729895
236,root:Engineered:Wastewater:Activated_Sludge,ERR2729896
237,root:Engineered:Wastewater:Activated_Sludge,ERR2729897
238,root:Engineered:Wastewater:Activated_Sludge,ERR2729898
239,root:Engineered:Wastewater:Activated_Sludge,ERR2729899
240,root:Engineered:Wastewater:Activated_Sludge,ERR2729900
241,root:Engineered:Wastewater:Activated_Sludge,ERR2729901
242,root:Engineered:Wastewater:Activated_Sludge,ERR2729902
243,root:Engineered:Wastewater:Activated_Sludge,ERR2729903
244,root:Engineered:Wastewater:Activated_Sludge,ERR2729904
245,root:Engineered:Wastewater:Activated_Sludge,ERR2729905
246,root:Engineered:Wastewater:Activated_Sludge,ERR2729906
247,root:Engineered:Wastewater:Activated_Sludge,ERR2729907
248,root:Engineered:Wastewater:Activated_Sludge,ERR2729908
249,root:Engineered:Wastewater:Activated_Sludge,ERR2729909
250,root:Engineered:Wastewater:Activated_Sludge,ERR2729910
251,root:Engineered:Wastewater:Activated_Sludge,ERR2729911
252,root:Engineered:Wastewater:Activated_Sludge,ERR2729912
253,root:Engineered:Wastewater:Activated_Sludge,ERR2729913
254,root:Engineered:Wastewater:Activated_Sludge,ERR2729914
255,root:Engineered:Wastewater:Activated_Sludge,ERR2729915
256,root:Engineered:Wastewater:Activated_Sludge,ERR2729916
257,root:Engineered:Wastewater:Activated_Sludge,ERR2729917
258,root:Engineered:Wastewater:Activated_Sludge,ERR2729918
259,root:Engineered:Wastewater:Activated_Sludge,ERR2729919
260,root:Engineered:Wastewater:Activated_Sludge,ERR2729920
261,root:Engineered:Wastewater:Activated_Sludge,ERR2729921
262,root:Engineered:Wastewater:Activated_Sludge,ERR2729922
263,root:Engineered:Wastewater:Activated_Sludge,ERR2729923
264,root:Engineered:Wastewater:Activated_Sludge,ERR2729924
265,root:Engineered:Wastewater:Activated_Sludge,ERR2729925
266,root:Engineered:Wastewater:Activated_Sludge,ERR2729926
267,root:Engineered:Wastewater:Activated_Sludge,ERR2729927
268,root:Engineered:Wastewater:Activated_Sludge,ERR2729928
269,root:Engineered:Wastewater:Activated_Sludge,ERR2729929
270,root:Engineered:Wastewater:Activated_Sludge,ERR2729930
271,root:Engineered:Wastewater:Activated_Sludge,ERR2729931
272,root:Engineered:Wastewater:Activated_Sludge,ERR2729932
273,root:Engineered:Wastewater:Activated_Sludge,ERR2729933
274,root:Engineered:Wastewater:Activated_Sludge,ERR2729934
275,root:Engineered:Wastewater:Activated_Sludge,ERR2729935
276,root:Engineered:Wastewater:Activated_Sludge,ERR2729936
277,root:Engineered:Wastewater:Activated_Sludge,ERR2729937
278,root:Engineered:Wastewater:Activated_Sludge,ERR2729938
279,root:Engineered:Wastewater:Activated_Sludge,ERR2729939
280,root:Engineered:Wastewater:Activated_Sludge,ERR2729940
281,root:Engineered:Wastewater:Activated_Sludge,ERR2729941
282,root:Engineered:Wastewater:Activated_Sludge,ERR2729942
283,root:Engineered:Wastewater:Activated_Sludge,ERR2729943
284,root:Engineered:Wastewater:Activated_Sludge,ERR2729944
285,root:Engineered:Wastewater:Activated_Sludge,ERR2729945
286,root:Engineered:Wastewater:Activated_Sludge,ERR2729946
287,root:Engineered:Wastewater:Activated_Sludge,ERR2729947
288,root:Engineered:Wastewater:Activated_Sludge,ERR2729948
289,root:Engineered:Wastewater:Activated_Sludge,ERR2729949
290,root:Engineered:Wastewater:Activated_Sludge,ERR2729950
291,root:Engineered:Wastewater:Activated_Sludge,ERR2729951
292,root:Engineered:Wastewater:Activated_Sludge,ERR2729952
293,root:Engineered:Wastewater:Activated_Sludge,ERR2729953
294,root:Engineered:Wastewater:Activated_Sludge,ERR2729954
295,root:Engineered:Wastewater:Activated_Sludge,ERR2729955
296,root:Engineered:Wastewater:Activated_Sludge,ERR2729956
297,root:Engineered:Wastewater:Activated_Sludge,ERR2729957
298,root:Engineered:Wastewater:Activated_Sludge,ERR2729958
299,root:Engineered:Wastewater:Activated_Sludge,ERR2729959
300,root:Engineered:Wastewater:Activated_Sludge,ERR2729960
301,root:Engineered:Wastewater:Activated_Sludge,ERR2729961
302,root:Engineered:Wastewater:Activated_Sludge,ERR2729962
303,root:Engineered:Wastewater:Activated_Sludge,ERR2729963
304,root:Engineered:Wastewater:Activated_Sludge,ERR2729964
305,root:Engineered:Wastewater:Activated_Sludge,ERR2729965
306,root:Engineered:Wastewater:Activated_Sludge,ERR2729966
307,root:Engineered:Wastewater:Activated_Sludge,ERR2729967
308,root:Engineered:Wastewater:Activated_Sludge,ERR2729968
309,root:Engineered:Wastewater:Activated_Sludge,ERR2729969
310,root:Engineered:Wastewater:Activated_Sludge,ERR2729970
311,root:Engineered:Wastewater:Activated_Sludge,ERR2729971
312,root:Engineered:Wastewater:Activated_Sludge,ERR2729972
313,root:Engineered:Wastewater:Activated_Sludge,ERR2586215
314,root:Engineered:Wastewater:Activated_Sludge,ERR2586216
315,root:Engineered:Wastewater:Activated_Sludge,ERR2586217
316,root:Engineered:Wastewater:Activated_Sludge,ERR2586218
317,root:Engineered:Wastewater:Activated_Sludge,ERR2586219
318,root:Engineered:Wastewater:Activated_Sludge,ERR2586220
319,root:Engineered:Wastewater:Activated_Sludge,SRR5586477
320,root:Engineered:Wastewater:Activated_Sludge,ERR2108222
321,root:Engineered:Wastewater:Activated_Sludge,ERR2108223
322,root:Engineered:Wastewater:Activated_Sludge,ERR2108224
323,root:Engineered:Wastewater:Activated_Sludge,ERR2108225
324,root:Engineered:Wastewater:Activated_Sludge,ERR2108226
325,root:Engineered:Wastewater:Activated_Sludge,ERR2108227
326,root:Engineered:Wastewater:Activated_Sludge,ERR2108228
327,root:Engineered:Wastewater:Activated_Sludge,ERR2180750
328,root:Engineered:Wastewater:Activated_Sludge,ERR2180751
329,root:Engineered:Wastewater:Activated_Sludge,ERR2180752
330,root:Engineered:Wastewater:Activated_Sludge,ERR2180753
331,root:Engineered:Wastewater:Activated_Sludge,ERR2180754
332,root:Engineered:Wastewater:Activated_Sludge,ERR2180755
333,root:Engineered:Wastewater:Activated_Sludge,ERR2180756
334,root:Engineered:Wastewater:Activated_Sludge,ERR2180757
335,root:Engineered:Wastewater:Activated_Sludge,ERR2180758
336,root:Engineered:Wastewater:Activated_Sludge,ERR2180759
337,root:Engineered:Wastewater:Activated_Sludge,ERR2180760
338,root:Engineered:Wastewater:Activated_Sludge,ERR2180761
339,root:Engineered:Wastewater:Activated_Sludge,ERR2180762
340,root:Engineered:Wastewater:Activated_Sludge,ERR2180763
341,root:Engineered:Wastewater:Activated_Sludge,ERR2180764
342,root:Engineered:Wastewater:Activated_Sludge,ERR2180765
343,root:Engineered:Wastewater:Industrial_wastewater,ERR380862
344,root:Engineered:Wastewater:Industrial_wastewater,ERR380863
345,root:Engineered:Wastewater:Industrial_wastewater,ERR380864
346,root:Engineered:Wastewater:Industrial_wastewater,ERR380865
347,root:Engineered:Wastewater:Industrial_wastewater,ERR664238
348,root:Engineered:Wastewater:Industrial_wastewater,ERR664239
349,root:Engineered:Wastewater:Industrial_wastewater,ERR664240
350,root:Engineered:Wastewater:Industrial_wastewater,ERR664241
351,root:Engineered:Wastewater:Industrial_wastewater,ERR664242
352,root:Engineered:Wastewater:Industrial_wastewater,ERR664243
353,root:Engineered:Wastewater:Industrial_wastewater,ERR701614
354,root:Engineered:Wastewater:Industrial_wastewater,ERR701615
355,root:Engineered:Wastewater:Industrial_wastewater,ERR701616
356,root:Engineered:Wastewater:Industrial_wastewater,ERR701617
357,root:Engineered:Wastewater:Industrial_wastewater,SRR388325
358,root:Engineered:Wastewater:Industrial_wastewater,ERR2570159
359,root:Engineered:Wastewater:Industrial_wastewater,ERR2570160
360,root:Engineered:Wastewater:Industrial_wastewater,ERR2570161
361,root:Engineered:Wastewater:Industrial_wastewater,ERR2570162
362,root:Engineered:Wastewater:Industrial_wastewater,ERR2570163
363,root:Engineered:Wastewater:Industrial_wastewater,ERR2570164
364,root:Engineered:Wastewater:Industrial_wastewater,ERR2570165
365,root:Engineered:Wastewater:Industrial_wastewater,ERR2570166
366,root:Engineered:Wastewater:Industrial_wastewater,ERR2570167
367,root:Engineered:Wastewater:Industrial_wastewater,ERR2570168
368,root:Engineered:Wastewater:Industrial_wastewater,ERR2570169
369,root:Engineered:Wastewater:Industrial_wastewater,ERR2570170
370,root:Engineered:Wastewater:Industrial_wastewater,ERR2570171
371,root:Engineered:Wastewater:Industrial_wastewater,ERR2570172
372,root:Engineered:Wastewater:Industrial_wastewater,ERR2570173
373,root:Engineered:Wastewater:Industrial_wastewater,ERR2570174
374,root:Engineered:Wastewater:Industrial_wastewater,ERR2570175
375,root:Engineered:Wastewater:Industrial_wastewater,ERR2570176
376,root:Engineered:Wastewater:Industrial_wastewater,ERR2570177
377,root:Engineered:Wastewater:Industrial_wastewater,ERR2570178
378,root:Engineered:Wastewater:Industrial_wastewater,ERR2570179
379,root:Engineered:Wastewater:Industrial_wastewater,ERR2570180
380,root:Engineered:Wastewater:Industrial_wastewater,ERR2570181
381,root:Engineered:Wastewater:Industrial_wastewater,ERR2570182
382,root:Engineered:Wastewater:Industrial_wastewater,ERR2570183
383,root:Engineered:Wastewater:Industrial_wastewater,ERR2570184
384,root:Engineered:Wastewater:Industrial_wastewater,ERR2570185
385,root:Engineered:Wastewater:Industrial_wastewater,ERR2570186
386,root:Engineered:Wastewater:Industrial_wastewater,ERR2570187
387,root:Engineered:Wastewater:Industrial_wastewater,ERR2570188
388,root:Engineered:Wastewater:Industrial_wastewater,ERR2570189
389,root:Engineered:Wastewater:Industrial_wastewater,ERR2570190
390,root:Engineered:Wastewater:Industrial_wastewater,ERR2570191
391,root:Engineered:Wastewater:Industrial_wastewater,ERR2570192
392,root:Engineered:Wastewater:Industrial_wastewater,ERR2570193
393,root:Engineered:Wastewater:Industrial_wastewater,ERR2570194
394,root:Engineered:Wastewater:Industrial_wastewater,ERR2570195
395,root:Engineered:Wastewater:Industrial_wastewater,ERR2570196
396,root:Engineered:Wastewater:Industrial_wastewater,ERR2570197
397,root:Engineered:Wastewater:Industrial_wastewater,ERR2570198
398,root:Engineered:Wastewater:Industrial_wastewater,ERR2570199
399,root:Engineered:Wastewater:Industrial_wastewater,ERR2570200
400,root:Engineered:Wastewater:Industrial_wastewater,ERR2570201
401,root:Engineered:Wastewater:Industrial_wastewater,ERR2570202
402,root:Engineered:Wastewater:Industrial_wastewater,ERR2570203
403,root:Engineered:Wastewater:Industrial_wastewater,ERR2570204
404,root:Engineered:Wastewater:Industrial_wastewater,ERR2570205
405,root:Engineered:Wastewater:Industrial_wastewater,ERR2570206
406,root:Engineered:Wastewater:Industrial_wastewater,ERR2570207
407,root:Engineered:Wastewater:Industrial_wastewater,ERR2570208
408,root:Engineered:Wastewater:Industrial_wastewater,ERR2570209
409,root:Engineered:Wastewater:Industrial_wastewater,ERR2570210
410,root:Engineered:Wastewater:Industrial_wastewater,ERR2570211
411,root:Engineered:Wastewater:Industrial_wastewater,ERR2570212
412,root:Engineered:Wastewater:Industrial_wastewater,ERR2570213
413,root:Engineered:Wastewater:Industrial_wastewater,ERR2570214
414,root:Engineered:Wastewater:Industrial_wastewater,ERR2570215
415,root:Engineered:Wastewater:Industrial_wastewater,ERR2570216
416,root:Engineered:Wastewater:Industrial_wastewater,ERR2570217
417,root:Engineered:Wastewater:Industrial_wastewater,ERR2570218
418,root:Engineered:Wastewater:Industrial_wastewater,ERR2570219
419,root:Engineered:Wastewater:Industrial_wastewater,ERR2570220
420,root:Engineered:Wastewater:Industrial_wastewater,ERR2570221
421,root:Engineered:Wastewater:Industrial_wastewater,ERR2570222
422,root:Engineered:Wastewater:Industrial_wastewater,ERR2570223
423,root:Engineered:Wastewater:Industrial_wastewater,ERR2570224
424,root:Engineered:Wastewater:Industrial_wastewater,ERR2570225
425,root:Engineered:Wastewater:Industrial_wastewater,ERR2570226
426,root:Engineered:Wastewater:Industrial_wastewater,ERR2570227
427,root:Engineered:Wastewater:Industrial_wastewater,ERR2570228
428,root:Engineered:Wastewater:Industrial_wastewater,ERR2570229
429,root:Engineered:Wastewater:Industrial_wastewater,ERR2570230
430,root:Engineered:Wastewater:Industrial_wastewater,ERR2570231
431,root:Engineered:Wastewater:Industrial_wastewater,ERR2570232
432,root:Engineered:Wastewater:Industrial_wastewater,ERR2570233
433,root:Engineered:Wastewater:Industrial_wastewater,ERR2570234
434,root:Engineered:Wastewater:Industrial_wastewater,ERR2570235
435,root:Engineered:Wastewater:Industrial_wastewater,ERR2570236
436,root:Engineered:Wastewater:Industrial_wastewater,ERR2570237
437,root:Engineered:Wastewater:Industrial_wastewater,ERR2570238
438,root:Engineered:Wastewater:Industrial_wastewater,ERR2570239
439,root:Engineered:Wastewater:Industrial_wastewater,ERR2570240
440,root:Engineered:Wastewater:Industrial_wastewater,ERR2570241
441,root:Engineered:Wastewater:Industrial_wastewater,ERR2570242
442,root:Engineered:Wastewater:Industrial_wastewater,ERR2570243
443,root:Engineered:Wastewater:Industrial_wastewater,ERR2570244
444,root:Engineered:Wastewater:Industrial_wastewater,ERR2570245
445,root:Engineered:Wastewater:Industrial_wastewater,ERR2570246
446,root:Engineered:Wastewater:Industrial_wastewater,ERR2570247
447,root:Engineered:Wastewater:Industrial_wastewater,ERR2570248
448,root:Engineered:Wastewater:Industrial_wastewater,ERR2570249
449,root:Engineered:Wastewater:Industrial_wastewater,ERR2570250
450,root:Engineered:Wastewater:Industrial_wastewater,ERR2570251
451,root:Engineered:Wastewater:Industrial_wastewater,ERR2570252
452,root:Engineered:Wastewater:Industrial_wastewater,ERR2570253
453,root:Engineered:Wastewater:Industrial_wastewater,ERR2570254
454,root:Engineered:Wastewater:Industrial_wastewater,ERR2570255
455,root:Engineered:Wastewater:Industrial_wastewater,ERR2570256
456,root:Engineered:Wastewater:Industrial_wastewater,ERR2570257
457,root:Engineered:Wastewater:Industrial_wastewater,ERR2570258
458,root:Engineered:Wastewater:Industrial_wastewater,ERR2570259
459,root:Engineered:Wastewater:Industrial_wastewater,ERR2570260
460,root:Engineered:Wastewater:Industrial_wastewater,ERR2570261
461,root:Engineered:Wastewater:Industrial_wastewater,ERR2570262
462,root:Engineered:Wastewater:Industrial_wastewater,ERR2570263
463,root:Engineered:Wastewater:Industrial_wastewater,ERR2570264
464,root:Engineered:Wastewater:Industrial_wastewater,ERR2570265
465,root:Engineered:Wastewater:Industrial_wastewater,ERR2570266
466,root:Engineered:Wastewater:Industrial_wastewater,ERR2570267
467,root:Engineered:Wastewater:Industrial_wastewater,ERR2570268
468,root:Engineered:Wastewater:Industrial_wastewater,ERR2570269
469,root:Engineered:Wastewater:Industrial_wastewater,ERR2570270
470,root:Engineered:Wastewater:Industrial_wastewater,ERR2570271
471,root:Engineered:Wastewater:Industrial_wastewater,ERR2570272
472,root:Engineered:Wastewater:Industrial_wastewater,ERR2570273
473,root:Engineered:Wastewater:Industrial_wastewater,ERR2570274
474,root:Engineered:Wastewater:Industrial_wastewater,ERR2570275
475,root:Engineered:Wastewater:Industrial_wastewater,ERR2570276
476,root:Engineered:Wastewater:Industrial_wastewater,ERR2570277
477,root:Engineered:Wastewater:Industrial_wastewater,ERR2570278
478,root:Engineered:Wastewater:Industrial_wastewater,ERR2570279
479,root:Engineered:Wastewater:Industrial_wastewater,ERR2570280
480,root:Engineered:Wastewater:Industrial_wastewater,ERR2570281
481,root:Engineered:Wastewater:Industrial_wastewater,ERR2570282
482,root:Engineered:Wastewater:Industrial_wastewater,ERR2570283
483,root:Engineered:Wastewater:Industrial_wastewater,ERR2570284
484,root:Engineered:Wastewater:Industrial_wastewater,ERR2570285
485,root:Engineered:Wastewater:Industrial_wastewater,ERR2570286
486,root:Engineered:Wastewater:Industrial_wastewater,ERR2570287
487,root:Engineered:Wastewater:Industrial_wastewater,ERR2570288
488,root:Engineered:Wastewater:Industrial_wastewater,ERR2570289
489,root:Engineered:Wastewater:Industrial_wastewater,ERR2570290
490,root:Engineered:Wastewater:Industrial_wastewater,ERR2570291
491,root:Engineered:Wastewater:Industrial_wastewater,ERR2570292
492,root:Engineered:Wastewater:Industrial_wastewater,ERR2570293
493,root:Engineered:Wastewater:Industrial_wastewater,ERR2570294
494,root:Engineered:Wastewater:Industrial_wastewater,ERR2570295
495,root:Engineered:Wastewater:Industrial_wastewater,ERR2570296
496,root:Engineered:Wastewater:Industrial_wastewater,ERR2570297
497,root:Engineered:Wastewater:Industrial_wastewater,ERR2570298
498,root:Engineered:Wastewater:Industrial_wastewater,ERR2570299
499,root:Engineered:Wastewater:Industrial_wastewater,ERR2570300
500,root:Engineered:Wastewater:Industrial_wastewater,ERR2570301
501,root:Engineered:Wastewater:Industrial_wastewater,ERR2570302
502,root:Engineered:Wastewater:Industrial_wastewater,ERR2570303
503,root:Engineered:Wastewater:Industrial_wastewater,ERR2570304
504,root:Engineered:Wastewater:Industrial_wastewater,ERR2570305
505,root:Engineered:Wastewater:Industrial_wastewater,ERR2570306
506,root:Engineered:Wastewater:Industrial_wastewater,ERR2570307
507,root:Engineered:Wastewater:Industrial_wastewater,ERR2570308
508,root:Engineered:Wastewater:Industrial_wastewater,ERR2570309
509,root:Engineered:Wastewater:Industrial_wastewater,ERR2570310
510,root:Engineered:Wastewater:Industrial_wastewater,ERR2570311
511,root:Engineered:Wastewater:Industrial_wastewater,ERR2570312
512,root:Engineered:Wastewater:Industrial_wastewater,ERR2570313
513,root:Engineered:Wastewater:Industrial_wastewater,ERR2570314
514,root:Engineered:Wastewater:Industrial_wastewater,ERR2570315
515,root:Engineered:Wastewater:Industrial_wastewater,ERR2570316
516,root:Engineered:Wastewater:Industrial_wastewater,ERR2570317
517,root:Engineered:Wastewater:Industrial_wastewater,ERR2570318
518,root:Engineered:Wastewater:Industrial_wastewater,ERR2570319
519,root:Engineered:Wastewater:Industrial_wastewater,ERR2570320
520,root:Engineered:Wastewater:Industrial_wastewater,ERR2570321
521,root:Engineered:Wastewater:Industrial_wastewater,ERR2570322
522,root:Engineered:Wastewater:Industrial_wastewater,ERR2570323
523,root:Engineered:Wastewater:Industrial_wastewater,ERR2570324
524,root:Engineered:Wastewater:Industrial_wastewater,ERR2570325
525,root:Engineered:Wastewater:Industrial_wastewater,ERR2570326
526,root:Engineered:Wastewater:Industrial_wastewater,ERR2570327
527,root:Engineered:Wastewater:Industrial_wastewater,ERR2570328
528,root:Engineered:Wastewater:Industrial_wastewater,ERR2570329
529,root:Engineered:Wastewater:Industrial_wastewater,ERR2570330
530,root:Engineered:Wastewater:Industrial_wastewater,ERR2570331
531,root:Engineered:Wastewater:Industrial_wastewater,ERR2570332
532,root:Engineered:Wastewater:Industrial_wastewater,ERR2570333
533,root:Engineered:Wastewater:Industrial_wastewater,ERR2570334
534,root:Engineered:Wastewater:Industrial_wastewater,ERR2570335
535,root:Engineered:Wastewater:Industrial_wastewater,ERR2570336
536,root:Engineered:Wastewater:Industrial_wastewater,ERR2570337
537,root:Engineered:Wastewater:Industrial_wastewater,ERR2570338
538,root:Engineered:Wastewater:Industrial_wastewater,ERR2570339
539,root:Engineered:Wastewater:Industrial_wastewater,ERR2570340
540,root:Engineered:Wastewater:Industrial_wastewater,ERR2570341
541,root:Engineered:Wastewater:Industrial_wastewater,ERR2570342
542,root:Engineered:Wastewater:Industrial_wastewater,ERR2570343
543,root:Engineered:Wastewater:Industrial_wastewater,ERR2570344
544,root:Engineered:Wastewater:Industrial_wastewater,ERR2570345
545,root:Engineered:Wastewater:Industrial_wastewater,ERR2570346
546,root:Engineered:Wastewater:Industrial_wastewater,ERR2570347
547,root:Engineered:Wastewater:Industrial_wastewater,ERR2570348
548,root:Engineered:Wastewater:Industrial_wastewater,ERR2570349
549,root:Engineered:Wastewater:Industrial_wastewater,ERR2570350
550,root:Engineered:Wastewater:Industrial_wastewater,SRR5450567
551,root:Engineered:Wastewater:Industrial_wastewater,SRR5450568
552,root:Engineered:Wastewater:Industrial_wastewater,SRR5450569
553,root:Engineered:Wastewater:Industrial_wastewater,SRR5450570
554,root:Engineered:Wastewater:Industrial_wastewater,SRR5450571
555,root:Engineered:Wastewater:Industrial_wastewater,SRR5450572
556,root:Engineered:Wastewater:Industrial_wastewater,SRR5450573
557,root:Engineered:Wastewater:Industrial_wastewater,SRR5450574
558,root:Engineered:Wastewater:Industrial_wastewater,SRR5450575
559,root:Engineered:Wastewater:Industrial_wastewater,SRR5450576
560,root:Engineered:Wastewater:Industrial_wastewater,SRR5450577
561,root:Engineered:Wastewater:Industrial_wastewater,SRR5450578
562,root:Engineered:Wastewater:Industrial_wastewater,SRR5450579
563,root:Engineered:Wastewater:Industrial_wastewater,SRR5450580
564,root:Engineered:Wastewater:Industrial_wastewater,SRR5450581
565,root:Engineered:Wastewater:Industrial_wastewater,SRR5450582
566,root:Engineered:Wastewater:Industrial_wastewater,SRR5450583
567,root:Engineered:Wastewater:Industrial_wastewater,SRR5450584
568,root:Engineered:Wastewater:Industrial_wastewater,SRR5450585
569,root:Engineered:Wastewater:Industrial_wastewater,SRR5450586
570,root:Engineered:Wastewater:Industrial_wastewater,SRR5450587
571,root:Engineered:Wastewater:Industrial_wastewater,SRR5450588
572,root:Engineered:Wastewater:Industrial_wastewater,SRR5450589
573,root:Engineered:Wastewater:Industrial_wastewater,SRR5450590
574,root:Engineered:Wastewater:Industrial_wastewater,SRR5450591
575,root:Engineered:Wastewater:Industrial_wastewater,SRR5450592
576,root:Engineered:Wastewater:Industrial_wastewater,SRR5450593
577,root:Engineered:Wastewater:Industrial_wastewater,SRR5450594
578,root:Engineered:Wastewater:Industrial_wastewater,SRR5450595
579,root:Engineered:Wastewater:Industrial_wastewater,SRR5450596
580,root:Engineered:Wastewater:Industrial_wastewater,SRR5450597
581,root:Engineered:Wastewater:Industrial_wastewater,SRR5450598
582,root:Engineered:Wastewater:Industrial_wastewater,SRR5450599
583,root:Engineered:Wastewater:Industrial_wastewater,SRR5450600
584,root:Engineered:Wastewater:Industrial_wastewater,SRR5450601
585,root:Engineered:Wastewater:Industrial_wastewater,SRR5450602
586,root:Engineered:Wastewater:Industrial_wastewater,SRR5450603
587,root:Engineered:Wastewater:Industrial_wastewater,SRR5450604
588,root:Engineered:Wastewater:Industrial_wastewater,SRR5450605
589,root:Engineered:Wastewater:Industrial_wastewater,SRR5450606
590,root:Engineered:Wastewater:Industrial_wastewater,SRR5450607
591,root:Engineered:Wastewater:Industrial_wastewater,SRR5450608
592,root:Engineered:Wastewater:Industrial_wastewater,SRR5450609
593,root:Engineered:Wastewater:Industrial_wastewater,SRR5450610
594,root:Engineered:Wastewater:Industrial_wastewater,SRR5450611
595,root:Engineered:Wastewater:Industrial_wastewater,SRR5450612
596,root:Engineered:Wastewater:Industrial_wastewater,SRR5450613
597,root:Engineered:Wastewater:Industrial_wastewater,SRR5450614
598,root:Engineered:Wastewater:Industrial_wastewater,SRR5450615
599,root:Engineered:Wastewater:Industrial_wastewater,SRR5450616
600,root:Engineered:Wastewater:Industrial_wastewater,SRR5450617
601,root:Engineered:Wastewater:Industrial_wastewater,SRR5450618
602,root:Engineered:Wastewater:Industrial_wastewater,SRR5450619
603,root:Engineered:Wastewater:Industrial_wastewater,SRR5450620
604,root:Engineered:Wastewater:Industrial_wastewater:Agricultural_wastewater,SRR1027853
605,root:Engineered:Wastewater:Industrial_wastewater:Agricultural_wastewater,SRR1027855
606,root:Engineered:Wastewater:Industrial_wastewater:Agricultural_wastewater,SRR1027856
607,root:Engineered:Wastewater:Industrial_wastewater:Agricultural_wastewater,SRR1027857
608,root:Engineered:Wastewater:Industrial_wastewater:Agricultural_wastewater,SRR1027858
609,root:Engineered:Wastewater:Industrial_wastewater:Agricultural_wastewater,SRR1027859
610,root:Engineered:Wastewater:Industrial_wastewater:Agricultural_wastewater,SRR1027860
611,root:Engineered:Wastewater:Industrial_wastewater:Agricultural_wastewater,SRR1027861
612,root:Engineered:Wastewater:Industrial_wastewater:Agricultural_wastewater,SRR6901932
613,root:Engineered:Wastewater:Industrial_wastewater:Agricultural_wastewater,SRR6901933
614,root:Engineered:Wastewater:Industrial_wastewater:Agricultural_wastewater,SRR6901934
615,root:Engineered:Wastewater:Industrial_wastewater:Agricultural_wastewater,SRR6901935
616,root:Engineered:Wastewater:Industrial_wastewater:Agricultural_wastewater,SRR6901936
617,root:Engineered:Wastewater:Industrial_wastewater:Agricultural_wastewater,SRR6901937
618,root:Engineered:Wastewater:Industrial_wastewater:Agricultural_wastewater,SRR6901938
619,root:Engineered:Wastewater:Industrial_wastewater:Agricultural_wastewater,SRR6901939
620,root:Engineered:Wastewater:Industrial_wastewater:Agricultural_wastewater,SRR6901940
621,root:Engineered:Wastewater:Industrial_wastewater:Agricultural_wastewater,SRR6901941
622,root:Engineered:Wastewater:Industrial_wastewater:Agricultural_wastewater,SRR6901942
623,root:Engineered:Wastewater:Industrial_wastewater:Agricultural_wastewater,SRR6901943
624,root:Engineered:Wastewater:Industrial_wastewater:Agricultural_wastewater,SRR6901944
625,root:Engineered:Wastewater:Industrial_wastewater:Agricultural_wastewater,SRR6901945
626,root:Engineered:Wastewater:Industrial_wastewater:Agricultural_wastewater,SRR6901946
627,root:Engineered:Wastewater:Industrial_wastewater:Agricultural_wastewater,SRR6901947
628,root:Engineered:Wastewater:Industrial_wastewater:Agricultural_wastewater,SRR6901948
629,root:Engineered:Wastewater:Industrial_wastewater:Agricultural_wastewater,SRR6901949
630,root:Engineered:Wastewater:Industrial_wastewater:Agricultural_wastewater,SRR6901950
631,root:Engineered:Wastewater:Industrial_wastewater:Agricultural_wastewater,SRR6901951
632,root:Engineered:Wastewater:Industrial_wastewater:Agricultural_wastewater,SRR6901952
633,root:Engineered:Wastewater:Industrial_wastewater:Agricultural_wastewater,SRR6901953
634,root:Engineered:Wastewater:Industrial_wastewater:Agricultural_wastewater,SRR6901954
635,root:Engineered:Wastewater:Industrial_wastewater:Agricultural_wastewater,SRR6901955
636,root:Engineered:Wastewater:Industrial_wastewater:Agricultural_wastewater,SRR6901956
637,root:Engineered:Wastewater:Industrial_wastewater:Agricultural_wastewater,SRR6901957
638,root:Engineered:Wastewater:Industrial_wastewater:Mine_water,ERR2716288
639,root:Engineered:Wastewater:Industrial_wastewater:Mine_water,ERR2716289
640,root:Engineered:Wastewater:Industrial_wastewater:Mine_water,ERR2716290
641,root:Engineered:Wastewater:Industrial_wastewater:Mine_water,ERR2716291
642,root:Engineered:Wastewater:Industrial_wastewater:Mine_water,ERR2716292
643,root:Engineered:Wastewater:Industrial_wastewater:Mine_water,ERR2716293
644,root:Engineered:Wastewater:Industrial_wastewater:Mine_water,ERR2716294
645,root:Engineered:Wastewater:Industrial_wastewater:Mine_water,ERR2716295
646,root:Engineered:Wastewater:Industrial_wastewater:Mine_water,ERR2716296
647,root:Engineered:Wastewater:Industrial_wastewater:Mine_water,ERR2716297
648,root:Engineered:Wastewater:Industrial_wastewater:Mine_water,ERR2716298
649,root:Engineered:Wastewater:Industrial_wastewater:Mine_water,ERR2716299
650,root:Engineered:Wastewater:Industrial_wastewater:Mine_water,ERR2716300
651,root:Engineered:Wastewater:Industrial_wastewater:Mine_water,ERR2716301
652,root:Engineered:Wastewater:Industrial_wastewater:Mine_water,ERR2716302
653,root:Engineered:Wastewater:Industrial_wastewater:Mine_water,ERR2716303
654,root:Engineered:Wastewater:Industrial_wastewater:Mine_water,ERR2716304
655,root:Engineered:Wastewater:Industrial_wastewater:Mine_water,ERR2716305
656,root:Engineered:Wastewater:Industrial_wastewater:Mine_water,ERR2716306
657,root:Engineered:Wastewater:Industrial_wastewater:Mine_water,ERR2716307
658,root:Engineered:Wastewater:Industrial_wastewater:Mine_water,ERR2716308
659,root:Engineered:Wastewater:Industrial_wastewater:Mine_water,ERR2716309
660,root:Engineered:Wastewater:Industrial_wastewater:Mine_water,ERR2716310
661,root:Engineered:Wastewater:Industrial_wastewater:Mine_water,ERR2716311
662,root:Engineered:Wastewater:Industrial_wastewater:Mine_water,ERR2716312
663,root:Engineered:Wastewater:Industrial_wastewater:Mine_water,ERR2716313
664,root:Engineered:Wastewater:Industrial_wastewater:Mine_water,ERR2716314
665,root:Engineered:Wastewater:Industrial_wastewater:Mine_water,ERR2716315
666,root:Engineered:Wastewater:Industrial_wastewater:Mine_water,ERR2716316
667,root:Engineered:Wastewater:Industrial_wastewater:Mine_water,ERR2716317
668,root:Engineered:Wastewater:Industrial_wastewater:Mine_water,ERR2716318
669,root:Engineered:Wastewater:Industrial_wastewater:Mine_water,ERR2716319
670,root:Engineered:Wastewater:Industrial_wastewater:Mine_water,ERR2716320
671,root:Engineered:Wastewater:Industrial_wastewater:Mine_water,ERR2716321
672,root:Engineered:Wastewater:Industrial_wastewater:Mine_water,ERR2716322
673,root:Engineered:Wastewater:Industrial_wastewater:Mine_water,ERR2716323
674,root:Engineered:Wastewater:Industrial_wastewater:Mine_water,ERR2716324
675,root:Engineered:Wastewater:Industrial_wastewater:Mine_water,ERR2716325
676,root:Engineered:Wastewater:Industrial_wastewater:Mine_water,ERR2716326
677,root:Engineered:Wastewater:Industrial_wastewater:Mine_water,ERR2716327
678,root:Engineered:Wastewater:Industrial_wastewater:Mine_water,ERR2716328
679,root:Engineered:Wastewater:Industrial_wastewater:Mine_water,ERR2716329
680,root:Engineered:Wastewater:Industrial_wastewater:Mine_water,ERR2716330
681,root:Engineered:Wastewater:Industrial_wastewater:Mine_water,ERR2716331
682,root:Engineered:Wastewater:Industrial_wastewater:Mine_water,ERR2716332
683,root:Engineered:Wastewater:Industrial_wastewater:Mine_water,ERR2716333
684,root:Engineered:Wastewater:Industrial_wastewater:Mine_water,ERR2716334
685,root:Engineered:Wastewater:Industrial_wastewater:Mine_water,ERR2716335
686,root:Engineered:Wastewater:Industrial_wastewater:Mine_water,ERR2716336
687,root:Engineered:Wastewater:Industrial_wastewater:Mine_water,ERR2716337
688,root:Engineered:Wastewater:Industrial_wastewater:Mine_water,ERR2716338
689,root:Engineered:Wastewater:Industrial_wastewater:Mine_water,ERR2716339
690,root:Engineered:Wastewater:Industrial_wastewater:Mine_water,ERR2716340
691,root:Engineered:Wastewater:Industrial_wastewater:Mine_water,ERR2716341
692,root:Engineered:Wastewater:Industrial_wastewater:Mine_water,ERR2716342
693,root:Engineered:Wastewater:Industrial_wastewater:Mine_water,ERR2716343
694,root:Engineered:Wastewater:Industrial_wastewater:Mine_water,ERR2716344
695,root:Engineered:Wastewater:Industrial_wastewater:Mine_water,ERR2716345
696,root:Engineered:Wastewater:Industrial_wastewater:Mine_water,ERR2716346
697,root:Engineered:Wastewater:Industrial_wastewater:Mine_water,ERR2716347
698,root:Engineered:Wastewater:Industrial_wastewater:Mine_water,ERR2716348
699,root:Engineered:Wastewater:Industrial_wastewater:Mine_water,ERR2716349
700,root:Engineered:Wastewater:Industrial_wastewater:Mine_water,ERR2716350
701,root:Engineered:Wastewater:Industrial_wastewater:Mine_water,ERR2716351
702,root:Engineered:Wastewater:Industrial_wastewater:Mine_water,ERR2716352
703,root:Engineered:Wastewater:Industrial_wastewater:Mine_water,ERR2716353
704,root:Engineered:Wastewater:Industrial_wastewater:Mine_water,ERR2716354
705,root:Engineered:Wastewater:Industrial_wastewater:Mine_water,ERR2716355
706,root:Engineered:Wastewater:Industrial_wastewater:Mine_water,ERR2716356
707,root:Engineered:Wastewater:Industrial_wastewater:Mine_water,ERR2716357
708,root:Engineered:Wastewater:Industrial_wastewater:Mine_water,ERR2716358
709,root:Engineered:Wastewater:Industrial_wastewater:Mine_water,ERR2716359
710,root:Engineered:Wastewater:Industrial_wastewater:Mine_water,ERR2716360
711,root:Engineered:Wastewater:Industrial_wastewater:Mine_water,ERR2716361
712,root:Engineered:Wastewater:Industrial_wastewater:Mine_water,ERR2716362
713,root:Engineered:Wastewater:Industrial_wastewater:Mine_water,ERR2716363
714,root:Engineered:Wastewater:Industrial_wastewater:Mine_water,ERR2716364
715,root:Engineered:Wastewater:Industrial_wastewater:Mine_water,ERR2716365
716,root:Engineered:Wastewater:Industrial_wastewater:Mine_water,ERR2716366
717,root:Engineered:Wastewater:Industrial_wastewater:Petrochemical,SRR6314060
718,root:Engineered:Wastewater:Industrial_wastewater:Petrochemical,SRR6314063
719,root:Engineered:Wastewater:Industrial_wastewater:Petrochemical,SRR6314074
720,root:Engineered:Wastewater:Industrial_wastewater:Petrochemical,SRR6314145
721,root:Engineered:Wastewater:Industrial_wastewater:Petrochemical,SRR6319571
722,root:Engineered:Wastewater:Industrial_wastewater:Petrochemical,SRR6319584
723,root:Engineered:Wastewater:Industrial_wastewater:Petrochemical,SRR6319590
724,root:Engineered:Wastewater:Industrial_wastewater:Petrochemical,SRR6320068
725,root:Engineered:Wastewater:Industrial_wastewater:Petrochemical,SRR6320102
726,root:Engineered:Wastewater:Industrial_wastewater:Petrochemical,SRR6320109
727,root:Engineered:Wastewater:Industrial_wastewater:Petrochemical,SRR6320234
728,root:Engineered:Wastewater:Industrial_wastewater:Petrochemical,SRR6320249
729,root:Engineered:Wastewater:Industrial_wastewater:Petrochemical,SRR6320263
730,root:Engineered:Wastewater:Industrial_wastewater:Petrochemical,SRR6320299
731,root:Engineered:Wastewater:Nutrient_removal:Dissolved_organics_(aerobic),ERR1924259
732,root:Engineered:Wastewater:Nutrient_removal:Dissolved_organics_(aerobic),ERR1924260
733,root:Engineered:Wastewater:Nutrient_removal:Dissolved_organics_(aerobic),ERR1924309
734,root:Engineered:Wastewater:Nutrient_removal:Dissolved_organics_(aerobic),ERR1924310
735,root:Engineered:Wastewater:Nutrient_removal:Dissolved_organics_(aerobic),ERR1924311
736,root:Engineered:Wastewater:Nutrient_removal:Dissolved_organics_(aerobic),ERR1924312
737,root:Engineered:Wastewater:Nutrient_removal:Dissolved_organics_(aerobic),ERR1924313
738,root:Engineered:Wastewater:Nutrient_removal:Dissolved_organics_(aerobic),ERR1924314
739,root:Engineered:Wastewater:Nutrient_removal:Dissolved_organics_(aerobic),ERR1924315
740,root:Engineered:Wastewater:Nutrient_removal:Dissolved_organics_(aerobic),ERR1924316
741,root:Engineered:Wastewater:Nutrient_removal:Dissolved_organics_(aerobic),ERR1924317
742,root:Engineered:Wastewater:Nutrient_removal:Dissolved_organics_(aerobic),ERR1924318
743,root:Engineered:Wastewater:Nutrient_removal:Dissolved_organics_(aerobic),ERR1924319
744,root:Engineered:Wastewater:Nutrient_removal:Dissolved_organics_(aerobic),ERR1924320
745,root:Engineered:Wastewater:Nutrient_removal:Dissolved_organics_(aerobic),ERR1924321
746,root:Engineered:Wastewater:Nutrient_removal:Dissolved_organics_(aerobic),ERR1924322
747,root:Engineered:Wastewater:Nutrient_removal:Dissolved_organics_(aerobic),ERR1924323
748,root:Engineered:Wastewater:Nutrient_removal:Dissolved_organics_(aerobic),ERR1924324
749,root:Engineered:Wastewater:Nutrient_removal:Dissolved_organics_(aerobic),ERR1924325
750,root:Engineered:Wastewater:Nutrient_removal:Dissolved_organics_(aerobic),ERR1924326
751,root:Engineered:Wastewater:Nutrient_removal:Dissolved_organics_(aerobic),ERR1924327
752,root:Engineered:Wastewater:Nutrient_removal:Dissolved_organics_(aerobic),ERR1924328
753,root:Engineered:Wastewater:Nutrient_removal:Dissolved_organics_(aerobic),ERR1924329
754,root:Engineered:Wastewater:Nutrient_removal:Dissolved_organics_(aerobic),ERR1924330
755,root:Engineered:Wastewater:Nutrient_removal:Dissolved_organics_(aerobic),ERR1924331
756,root:Engineered:Wastewater:Nutrient_removal:Dissolved_organics_(aerobic),ERR1924332
757,root:Engineered:Wastewater:Nutrient_removal:Dissolved_organics_(aerobic),ERR1924333
758,root:Engineered:Wastewater:Nutrient_removal:Dissolved_organics_(aerobic),ERR1924334
759,root:Engineered:Wastewater:Nutrient_removal:Dissolved_organics_(aerobic),ERR1924335
760,root:Engineered:Wastewater:Nutrient_removal:Dissolved_organics_(aerobic),ERR1924336
761,root:Engineered:Wastewater:Nutrient_removal:Dissolved_organics_(aerobic),ERR1924337
762,root:Engineered:Wastewater:Nutrient_removal:Dissolved_organics_(aerobic),ERR1924338
763,root:Engineered:Wastewater:Nutrient_removal:Dissolved_organics_(aerobic),ERR1924339
764,root:Engineered:Wastewater:Nutrient_removal:Dissolved_organics_(aerobic),ERR1924340
765,root:Engineered:Wastewater:Nutrient_removal:Dissolved_organics_(aerobic),ERR1924341
766,root:Engineered:Wastewater:Nutrient_removal:Dissolved_organics_(aerobic),ERR1924342
767,root:Engineered:Wastewater:Nutrient_removal:Dissolved_organics_(aerobic),ERR1924343
768,root:Engineered:Wastewater:Nutrient_removal:Dissolved_organics_(aerobic),ERR1924344
769,root:Engineered:Wastewater:Nutrient_removal:Dissolved_organics_(aerobic),ERR1924345
770,root:Engineered:Wastewater:Nutrient_removal:Dissolved_organics_(aerobic),ERR1924346
771,root:Engineered:Wastewater:Nutrient_removal:Dissolved_organics_(aerobic),ERR1924347
772,root:Engineered:Wastewater:Nutrient_removal:Dissolved_organics_(aerobic),ERR1924348
773,root:Engineered:Wastewater:Nutrient_removal:Dissolved_organics_(aerobic),ERR1924349
774,root:Engineered:Wastewater:Nutrient_removal:Dissolved_organics_(aerobic),ERR1924350
775,root:Engineered:Wastewater:Nutrient_removal:Dissolved_organics_(aerobic),ERR1924351
776,root:Engineered:Wastewater:Nutrient_removal:Dissolved_organics_(aerobic),ERR1924352
777,root:Engineered:Wastewater:Nutrient_removal:Dissolved_organics_(aerobic),ERR1924353
778,root:Engineered:Wastewater:Nutrient_removal:Dissolved_organics_(aerobic),ERR1924354
779,root:Engineered:Wastewater:Nutrient_removal:Dissolved_organics_(anaerobic),DRR066661
780,root:Engineered:Wastewater:Nutrient_removal:Dissolved_organics_(anaerobic),DRR066662
781,root:Engineered:Wastewater:Nutrient_removal:Dissolved_organics_(anaerobic),DRR066663
782,root:Engineered:Wastewater:Nutrient_removal:Dissolved_organics_(anaerobic),DRR066664
783,root:Engineered:Wastewater:Nutrient_removal:Dissolved_organics_(anaerobic),DRR066665
784,root:Engineered:Wastewater:Nutrient_removal:Dissolved_organics_(anaerobic),DRR066666
785,root:Engineered:Wastewater:Nutrient_removal:Dissolved_organics_(anaerobic),DRR066667
786,root:Engineered:Wastewater:Nutrient_removal:Dissolved_organics_(anaerobic),DRR066668
787,root:Engineered:Wastewater:Water_and_sludge,ERR1713331
788,root:Engineered:Wastewater:Water_and_sludge,ERR1713332
789,root:Engineered:Wastewater:Water_and_sludge,ERR1713333
790,root:Engineered:Wastewater:Water_and_sludge,ERR1713334
791,root:Engineered:Wastewater:Water_and_sludge,ERR1713335
792,root:Engineered:Wastewater:Water_and_sludge,ERR1713336
793,root:Engineered:Wastewater:Water_and_sludge,ERR1713337
794,root:Engineered:Wastewater:Water_and_sludge,ERR1713338
795,root:Engineered:Wastewater:Water_and_sludge,ERR1713339
796,root:Engineered:Wastewater:Water_and_sludge,ERR1713340
797,root:Engineered:Wastewater:Water_and_sludge,ERR1713341
798,root:Engineered:Wastewater:Water_and_sludge,ERR1713342
799,root:Engineered:Wastewater:Water_and_sludge,ERR1713343
800,root:Engineered:Wastewater:Water_and_sludge,ERR1713344
801,root:Engineered:Wastewater:Water_and_sludge,ERR1713345
802,root:Engineered:Wastewater:Water_and_sludge,ERR1713346
803,root:Engineered:Wastewater:Water_and_sludge,ERR1713347
804,root:Engineered:Wastewater:Water_and_sludge,ERR1713348
805,root:Engineered:Wastewater:Water_and_sludge,ERR1713349
806,root:Engineered:Wastewater:Water_and_sludge,ERR1713350
807,root:Engineered:Wastewater:Water_and_sludge,ERR1713351
808,root:Engineered:Wastewater:Water_and_sludge,ERR1713352
809,root:Engineered:Wastewater:Water_and_sludge,ERR1713353
810,root:Engineered:Wastewater:Water_and_sludge,ERR1713354
811,root:Engineered:Wastewater:Water_and_sludge,ERR1713355
812,root:Engineered:Wastewater:Water_and_sludge,ERR1713356
813,root:Engineered:Wastewater:Water_and_sludge,ERR1713357
814,root:Engineered:Wastewater:Water_and_sludge,ERR1713358
815,root:Engineered:Wastewater:Water_and_sludge,ERR1713359
816,root:Engineered:Wastewater:Water_and_sludge,ERR1713360
817,root:Engineered:Wastewater:Water_and_sludge,ERR1713361
818,root:Engineered:Wastewater:Water_and_sludge,ERR1713362
819,root:Engineered:Wastewater:Water_and_sludge,ERR1713363
820,root:Engineered:Wastewater:Water_and_sludge,ERR1713364
821,root:Engineered:Wastewater:Water_and_sludge,ERR1713365
822,root:Engineered:Wastewater:Water_and_sludge,ERR1713366
823,root:Engineered:Wastewater:Water_and_sludge,ERR1713367
824,root:Engineered:Wastewater:Water_and_sludge,ERR1713368
825,root:Engineered:Wastewater:Water_and_sludge,ERR1713369
826,root:Engineered:Wastewater:Water_and_sludge,ERR1713370
827,root:Engineered:Wastewater:Water_and_sludge,ERR1713372
828,root:Engineered:Wastewater:Water_and_sludge,ERR1713373
829,root:Engineered:Wastewater:Water_and_sludge,ERR1713374
830,root:Engineered:Wastewater:Water_and_sludge,ERR1713375
831,root:Engineered:Wastewater:Water_and_sludge,ERR1713376
832,root:Engineered:Wastewater:Water_and_sludge,ERR1713377
833,root:Engineered:Wastewater:Water_and_sludge,ERR1713378
834,root:Engineered:Wastewater:Water_and_sludge,ERR1713379
835,root:Engineered:Wastewater:Water_and_sludge,ERR1713380
836,root:Engineered:Wastewater:Water_and_sludge,ERR1713381
837,root:Engineered:Wastewater:Water_and_sludge,ERR1713382
838,root:Engineered:Wastewater:Water_and_sludge,ERR1713383
839,root:Engineered:Wastewater:Water_and_sludge,ERR1713384
840,root:Engineered:Wastewater:Water_and_sludge,ERR1713385
841,root:Engineered:Wastewater:Water_and_sludge,ERR1713386
842,root:Engineered:Wastewater:Water_and_sludge,ERR1713387
843,root:Engineered:Wastewater:Water_and_sludge,ERR1713388
844,root:Engineered:Wastewater:Water_and_sludge,ERR1713389
845,root:Engineered:Wastewater:Water_and_sludge,ERR1713390
846,root:Engineered:Wastewater:Water_and_sludge,ERR1713391
847,root:Engineered:Wastewater:Water_and_sludge,ERR1713392
848,root:Engineered:Wastewater:Water_and_sludge,ERR1713393
849,root:Engineered:Wastewater:Water_and_sludge,ERR1713394
850,root:Engineered:Wastewater:Water_and_sludge,ERR1713395
851,root:Engineered:Wastewater:Water_and_sludge,ERR1713396
852,root:Engineered:Wastewater:Water_and_sludge,ERR1713397
853,root:Engineered:Wastewater:Water_and_sludge,ERR1713398
854,root:Engineered:Wastewater:Water_and_sludge,ERR1713399
855,root:Engineered:Wastewater:Water_and_sludge,ERR1713400
856,root:Engineered:Wastewater:Water_and_sludge,ERR1713401
857,root:Engineered:Wastewater:Water_and_sludge,ERR1713402
858,root:Engineered:Wastewater:Water_and_sludge,ERR1713403
859,root:Engineered:Wastewater:Water_and_sludge,ERR1713404
860,root:Engineered:Wastewater:Water_and_sludge,ERR1713405
861,root:Engineered:Wastewater:Water_and_sludge,ERR1713406
862,root:Engineered:Wastewater:Water_and_sludge,ERR1713407
863,root:Engineered:Wastewater:Water_and_sludge,ERR1713408
864,root:Engineered:Wastewater:Water_and_sludge,ERR1713409
865,root:Engineered:Wastewater:Water_and_sludge,ERR1713410
866,root:Engineered:Wastewater:Water_and_sludge,ERR1713411
867,root:Engineered:Wastewater:Water_and_sludge,ERR1725938
868,root:Engineered:Wastewater:Water_and_sludge,ERR1725939
869,root:Engineered:Wastewater:Water_and_sludge,ERR1725940
870,root:Engineered:Wastewater:Water_and_sludge,ERR1725941
871,root:Engineered:Wastewater:Water_and_sludge,ERR1725942
872,root:Engineered:Wastewater:Water_and_sludge,ERR1725943
873,root:Engineered:Wastewater:Water_and_sludge,ERR1725944
874,root:Engineered:Wastewater:Water_and_sludge,ERR1725945
875,root:Engineered:Wastewater:Water_and_sludge,ERR1725946
876,root:Engineered:Wastewater:Water_and_sludge,ERR1725947
877,root:Engineered:Wastewater:Water_and_sludge,ERR1725948
878,root:Engineered:Wastewater:Water_and_sludge,ERR1725949
879,root:Engineered:Wastewater:Water_and_sludge,ERR1725950
880,root:Engineered:Wastewater:Water_and_sludge,ERR1725951
881,root:Engineered:Wastewater:Water_and_sludge,ERR1725952
882,root:Engineered:Wastewater:Water_and_sludge,ERR1725953
883,root:Engineered:Wastewater:Water_and_sludge,ERR1725954
884,root:Engineered:Wastewater:Water_and_sludge,ERR1725955
885,root:Engineered:Wastewater:Water_and_sludge,ERR1725956
886,root:Engineered:Wastewater:Water_and_sludge,ERR1725957
887,root:Engineered:Wastewater:Water_and_sludge,ERR1725958
888,root:Engineered:Wastewater:Water_and_sludge,ERR1725959
889,root:Engineered:Wastewater:Water_and_sludge,ERR1725960
890,root:Engineered:Wastewater:Water_and_sludge,ERR1725961
891,root:Engineered:Wastewater:Water_and_sludge,ERR1725962
892,root:Engineered:Wastewater:Water_and_sludge,ERR1725963
893,root:Engineered:Wastewater:Water_and_sludge,ERR1725964
894,root:Engineered:Wastewater:Water_and_sludge,ERR1725965
895,root:Engineered:Wastewater:Water_and_sludge,ERR1725966
896,root:Engineered:Wastewater:Water_and_sludge,ERR1725967
897,root:Engineered:Wastewater:Water_and_sludge,ERR1725968
898,root:Engineered:Wastewater:Water_and_sludge,ERR1725969
899,root:Engineered:Wastewater:Water_and_sludge,ERR1725970
900,root:Engineered:Wastewater:Water_and_sludge,ERR1725971
901,root:Engineered:Wastewater:Water_and_sludge,ERR1725972
902,root:Engineered:Wastewater:Water_and_sludge,ERR1725973
903,root:Engineered:Wastewater:Water_and_sludge,ERR1725974
904,root:Engineered:Wastewater:Water_and_sludge,ERR1725975
905,root:Engineered:Wastewater:Water_and_sludge,ERR1725977
906,root:Engineered:Wastewater:Water_and_sludge,ERR1725978
907,root:Engineered:Wastewater:Water_and_sludge,ERR1725979
908,root:Engineered:Wastewater:Water_and_sludge,ERR1725980
909,root:Engineered:Wastewater:Water_and_sludge,ERR1725981
910,root:Engineered:Wastewater:Water_and_sludge,ERR1725982
911,root:Engineered:Wastewater:Water_and_sludge,ERR1725983
912,root:Engineered:Wastewater:Water_and_sludge,ERR1725984
913,root:Engineered:Wastewater:Water_and_sludge,ERR1725985
914,root:Engineered:Wastewater:Water_and_sludge,ERR1725986
915,root:Engineered:Wastewater:Water_and_sludge,ERR1725987
916,root:Engineered:Wastewater:Water_and_sludge,ERR1725988
917,root:Engineered:Wastewater:Water_and_sludge,ERR1725989
918,root:Engineered:Wastewater:Water_and_sludge,ERR1725990
919,root:Engineered:Wastewater:Water_and_sludge,ERR1725991
920,root:Engineered:Wastewater:Water_and_sludge,ERR1725992
921,root:Engineered:Wastewater:Water_and_sludge,ERR1725993
922,root:Engineered:Wastewater:Water_and_sludge,ERR1725994
923,root:Engineered:Wastewater:Water_and_sludge,ERR1725995
924,root:Engineered:Wastewater:Water_and_sludge,ERR1725996
925,root:Engineered:Wastewater:Water_and_sludge,ERR1725997
926,root:Engineered:Wastewater:Water_and_sludge,ERR1725998
927,root:Engineered:Wastewater:Water_and_sludge,ERR1725999
928,root:Engineered:Wastewater:Water_and_sludge,ERR1726000
929,root:Engineered:Wastewater:Water_and_sludge,ERR1726001
930,root:Engineered:Wastewater:Water_and_sludge,ERR1726002
931,root:Engineered:Wastewater:Water_and_sludge,ERR1726003
932,root:Engineered:Wastewater:Water_and_sludge,ERR1726004
933,root:Engineered:Wastewater:Water_and_sludge,ERR1726005
934,root:Engineered:Wastewater:Water_and_sludge,ERR1726006
935,root:Engineered:Wastewater:Water_and_sludge,ERR1726007
936,root:Engineered:Wastewater:Water_and_sludge,ERR1726008
937,root:Engineered:Wastewater:Water_and_sludge,ERR1726009
938,root:Engineered:Wastewater:Water_and_sludge,ERR1726010
939,root:Engineered:Wastewater:Water_and_sludge,ERR1726011
940,root:Engineered:Wastewater:Water_and_sludge,ERR1726012
941,root:Engineered:Wastewater:Water_and_sludge,ERR1726013
942,root:Engineered:Wastewater:Water_and_sludge,ERR1726014
943,root:Engineered:Wastewater:Water_and_sludge,ERR1726015
944,root:Engineered:Wastewater:Water_and_sludge,ERR1726016
945,root:Engineered:Wastewater:Water_and_sludge,ERR1726017
946,root:Engineered:Wastewater:Water_and_sludge,ERR1726018
947,root:Engineered:Wastewater:Water_and_sludge,ERR1726019
948,root:Engineered:Wastewater:Water_and_sludge,ERR1726020
949,root:Engineered:Wastewater:Water_and_sludge,ERR1726021
950,root:Engineered:Wastewater:Water_and_sludge,ERR1726022
951,root:Engineered:Wastewater:Water_and_sludge,ERR1726023
952,root:Engineered:Wastewater:Water_and_sludge,ERR1726024
953,root:Engineered:Wastewater:Water_and_sludge,ERR1726025
954,root:Engineered:Wastewater:Water_and_sludge,ERR1726026
955,root:Engineered:Wastewater:Water_and_sludge,ERR1726027
956,root:Engineered:Wastewater:Water_and_sludge,ERR1726028
957,root:Engineered:Wastewater:Water_and_sludge,ERR1726029
958,root:Engineered:Wastewater:Water_and_sludge,ERR1726030
959,root:Engineered:Wastewater:Water_and_sludge,ERR1726031
960,root:Engineered:Wastewater:Water_and_sludge,ERR1726032
961,root:Engineered:Wastewater:Water_and_sludge,ERR1726033
962,root:Engineered:Wastewater:Water_and_sludge,ERR1726034
963,root:Engineered:Wastewater:Water_and_sludge,ERR1726035
964,root:Engineered:Wastewater:Water_and_sludge,ERR2592244
965,root:Engineered:Wastewater:Water_and_sludge,ERR2592245
966,root:Engineered:Wastewater:Water_and_sludge,ERR2592246
967,root:Engineered:Wastewater:Water_and_sludge,ERR2592247
968,root:Engineered:Wastewater:Water_and_sludge,ERR2592248
969,root:Engineered:Wastewater:Water_and_sludge,ERR2592249
970,root:Engineered:Wastewater:Water_and_sludge,ERR2592250
971,root:Engineered:Wastewater:Water_and_sludge,ERR2592251
972,root:Engineered:Wastewater:Water_and_sludge,ERR2592252
973,root:Engineered:Wastewater:Water_and_sludge,ERR2592253
974,root:Engineered:Wastewater:Water_and_sludge,ERR2592255
975,root:Engineered:Wastewater:Water_and_sludge,ERR2592256
976,root:Engineered:Wastewater:Water_and_sludge,ERR2592257
977,root:Engineered:Wastewater:Water_and_sludge,ERR2592258
978,root:Engineered:Wastewater:Water_and_sludge,ERR2592259
979,root:Engineered:Wastewater:Water_and_sludge,ERR2592260
980,root:Engineered:Wastewater:Water_and_sludge,ERR2592261
981,root:Engineered:Wastewater:Water_and_sludge,ERR2592262
982,root:Engineered:Wastewater:Water_and_sludge,ERR2592263
983,root:Engineered:Wastewater:Water_and_sludge,ERR2592264
984,root:Engineered:Wastewater:Water_and_sludge,ERR2592265
985,root:Engineered:Wastewater:Water_and_sludge,ERR2592266
986,root:Engineered:Wastewater:Water_and_sludge,ERR2592267
987,root:Engineered:Wastewater:Water_and_sludge,ERR2592268
988,root:Engineered:Wastewater:Water_and_sludge,ERR2592269
989,root:Engineered:Wastewater:Water_and_sludge,ERR2592270
990,root:Engineered:Wastewater:Water_and_sludge,ERR2592271
991,root:Engineered:Wastewater:Water_and_sludge,ERR2592272
992,root:Engineered:Wastewater:Water_and_sludge,ERR2592273
993,root:Engineered:Wastewater:Water_and_sludge,ERR2592274
994,root:Engineered:Wastewater:Water_and_sludge,ERR2592275
995,root:Engineered:Wastewater:Water_and_sludge,ERR2592276
996,root:Engineered:Wastewater:Water_and_sludge,ERR2592277
997,root:Engineered:Wastewater:Water_and_sludge,ERR2592278
998,root:Engineered:Wastewater:Water_and_sludge,ERR2592279
999,root:Engineered:Wastewater:Water_and_sludge,ERR2592280
1000,root:Engineered:Wastewater:Water_and_sludge,ERR2592281
1001,root:Engineered:Wastewater:Water_and_sludge,ERR2592282
1002,root:Engineered:Wastewater:Water_and_sludge,ERR2592283
1003,root:Engineered:Wastewater:Water_and_sludge,ERR2592328
1004,root:Engineered:Wastewater:Water_and_sludge,ERR2592329
1005,root:Engineered:Wastewater:Water_and_sludge,ERR2592331
1006,root:Engineered:Wastewater:Water_and_sludge,ERR2592332
1007,root:Engineered:Wastewater:Water_and_sludge,ERR2592333
1008,root:Engineered:Wastewater:Water_and_sludge,ERR2592334
1009,root:Engineered:Wastewater:Water_and_sludge,ERR2592335
1010,root:Engineered:Wastewater:Water_and_sludge,ERR2592336
1011,root:Engineered:Wastewater:Water_and_sludge,ERR2592337
1012,root:Engineered:Wastewater:Water_and_sludge,ERR2592338
1013,root:Engineered:Wastewater:Water_and_sludge,ERR2592339
1014,root:Engineered:Wastewater:Water_and_sludge,ERR2592340
1015,root:Engineered:Wastewater:Water_and_sludge,ERR2592341
1016,root:Engineered:Wastewater:Water_and_sludge,ERR2592342
1017,root:Engineered:Wastewater:Water_and_sludge,ERR2592343
1018,root:Engineered:Wastewater:Water_and_sludge,ERR299250
1019,root:Engineered:Wastewater:Water_and_sludge,ERR299251
1020,root:Engineered:Wastewater:Water_and_sludge,ERR299252
1021,root:Engineered:Wastewater:Water_and_sludge,ERR299253
1022,root:Engineered:Wastewater:Water_and_sludge,ERR574411
1023,root:Engineered:Wastewater:Water_and_sludge,ERR574412
1024,root:Engineered:Wastewater:Water_and_sludge,ERR574413
1025,root:Engineered:Wastewater:Water_and_sludge,ERR574414
1026,root:Engineered:Wastewater:Water_and_sludge,ERR574415
1027,root:Engineered:Wastewater:Water_and_sludge,ERR574416
1028,root:Engineered:Wastewater:Water_and_sludge,ERR574417
1029,root:Engineered:Wastewater:Water_and_sludge,ERR574418
1030,root:Engineered:Wastewater:Water_and_sludge,ERR574419
1031,root:Engineered:Wastewater:Water_and_sludge,ERR574420
1032,root:Engineered:Wastewater:Water_and_sludge,ERR574421
1033,root:Engineered:Wastewater:Water_and_sludge,ERR574422
1034,root:Engineered:Wastewater:Water_and_sludge,ERR982887
1035,root:Engineered:Wastewater:Water_and_sludge,ERR982888
1036,root:Engineered:Wastewater:Water_and_sludge,ERR982889
1037,root:Engineered:Wastewater:Water_and_sludge,ERR982890
1038,root:Engineered:Wastewater:Water_and_sludge,ERR982891
1039,root:Engineered:Wastewater:Water_and_sludge,ERR982892
1040,root:Engineered:Wastewater:Water_and_sludge,ERR982893
1041,root:Engineered:Wastewater:Water_and_sludge,ERR982894
1042,root:Engineered:Wastewater:Water_and_sludge,ERR982895
1043,root:Engineered:Wastewater:Water_and_sludge,ERR982896
1044,root:Engineered:Wastewater:Water_and_sludge,ERR982897
1045,root:Engineered:Wastewater:Water_and_sludge,ERR982898
1046,root:Engineered:Wastewater:Water_and_sludge,ERR982899
1047,root:Engineered:Wastewater:Water_and_sludge,ERR982900
1048,root:Engineered:Wastewater:Water_and_sludge,ERR982901
1049,root:Engineered:Wastewater:Water_and_sludge,ERR982902
1050,root:Engineered:Wastewater:Water_and_sludge,ERR982903
1051,root:Engineered:Wastewater:Water_and_sludge,ERR982904
1052,root:Engineered:Wastewater:Water_and_sludge,ERR982905
1053,root:Engineered:Wastewater:Water_and_sludge,ERR982906
1054,root:Engineered:Wastewater:Water_and_sludge,ERR982907
1055,root:Engineered:Wastewater:Water_and_sludge,ERR982908
1056,root:Engineered:Wastewater:Water_and_sludge,ERR982909
1057,root:Engineered:Wastewater:Water_and_sludge,ERR982910
1058,root:Engineered:Wastewater:Water_and_sludge,ERR982911
1059,root:Engineered:Wastewater:Water_and_sludge,ERR982912
1060,root:Engineered:Wastewater:Water_and_sludge,ERR982913
1061,root:Engineered:Wastewater:Water_and_sludge,ERR982914
1062,root:Engineered:Wastewater:Water_and_sludge,ERR982915
1063,root:Engineered:Wastewater:Water_and_sludge,ERR982916
1064,root:Engineered:Wastewater:Water_and_sludge,ERR982917
1065,root:Engineered:Wastewater:Water_and_sludge,ERR982918
1066,root:Engineered:Wastewater:Water_and_sludge,ERR982920
1067,root:Engineered:Wastewater:Water_and_sludge,ERR982921
1068,root:Engineered:Wastewater:Water_and_sludge,ERR982922
1069,root:Engineered:Wastewater:Water_and_sludge,ERR982923
1070,root:Engineered:Wastewater:Water_and_sludge,ERR982924
1071,root:Engineered:Wastewater:Water_and_sludge,ERR982925
1072,root:Engineered:Wastewater:Water_and_sludge,ERR982926
1073,root:Engineered:Wastewater:Water_and_sludge,ERR982927
1074,root:Engineered:Wastewater:Water_and_sludge,ERR982928
1075,root:Engineered:Wastewater:Water_and_sludge,ERR982929
1076,root:Engineered:Wastewater:Water_and_sludge,ERR982930
1077,root:Engineered:Wastewater:Water_and_sludge,ERR982931
1078,root:Engineered:Wastewater:Water_and_sludge,ERR982932
1079,root:Engineered:Wastewater:Water_and_sludge,ERR982933
1080,root:Engineered:Wastewater:Water_and_sludge,ERR982934
1081,root:Engineered:Wastewater:Water_and_sludge,ERR982935
1082,root:Engineered:Wastewater:Water_and_sludge,ERR982936
1083,root:Engineered:Wastewater:Water_and_sludge,ERR982937
1084,root:Engineered:Wastewater:Water_and_sludge,ERR982938
1085,root:Engineered:Wastewater:Water_and_sludge,ERR982939
1086,root:Engineered:Wastewater:Water_and_sludge,ERR982940
1087,root:Engineered:Wastewater:Water_and_sludge,ERR982941
1088,root:Engineered:Wastewater:Water_and_sludge,ERR982942
1089,root:Engineered:Wastewater:Water_and_sludge,ERR982943
1090,root:Engineered:Wastewater:Water_and_sludge,ERR982944
1091,root:Engineered:Wastewater:Water_and_sludge,ERR982945
1092,root:Engineered:Wastewater:Water_and_sludge,ERR982946
1093,root:Engineered:Wastewater:Water_and_sludge,ERR982947
1094,root:Engineered:Wastewater:Water_and_sludge,ERR982948
1095,root:Engineered:Wastewater:Water_and_sludge,ERR982949
1096,root:Engineered:Wastewater:Water_and_sludge,ERR982950
1097,root:Engineered:Wastewater:Water_and_sludge,ERR982951
1098,root:Engineered:Wastewater:Water_and_sludge,ERR982952
1099,root:Engineered:Wastewater:Water_and_sludge,ERR982953
1100,root:Engineered:Wastewater:Water_and_sludge,ERR982954
1101,root:Engineered:Wastewater:Water_and_sludge,ERR982955
1102,root:Engineered:Wastewater:Water_and_sludge,ERR982956
1103,root:Engineered:Wastewater:Water_and_sludge,ERR982957
1104,root:Engineered:Wastewater:Water_and_sludge,ERR982958
1105,root:Engineered:Wastewater:Water_and_sludge,ERR982959
1106,root:Engineered:Wastewater:Water_and_sludge,ERR982960
1107,root:Engineered:Wastewater:Water_and_sludge,ERR982961
1108,root:Engineered:Wastewater:Water_and_sludge,ERR982962
1109,root:Engineered:Wastewater:Water_and_sludge,ERR982963
1110,root:Engineered:Wastewater:Water_and_sludge,ERR982964
1111,root:Engineered:Wastewater:Water_and_sludge,ERR982965
1112,root:Engineered:Wastewater:Water_and_sludge,ERR982966
1113,root:Engineered:Wastewater:Water_and_sludge,ERR982967
1114,root:Engineered:Wastewater:Water_and_sludge,ERR982969
1115,root:Engineered:Wastewater:Water_and_sludge,ERR982970
1116,root:Engineered:Wastewater:Water_and_sludge,ERR982971
1117,root:Engineered:Wastewater:Water_and_sludge,ERR982972
1118,root:Engineered:Wastewater:Water_and_sludge,ERR982973
1119,root:Engineered:Wastewater:Water_and_sludge,ERR982974
1120,root:Engineered:Wastewater:Water_and_sludge,ERR982975
1121,root:Engineered:Wastewater:Water_and_sludge,ERR982976
1122,root:Engineered:Wastewater:Water_and_sludge,ERR1201392
1123,root:Engineered:Wastewater:Water_and_sludge,ERR1201393
1124,root:Engineered:Wastewater:Water_and_sludge,ERR1201394
1125,root:Engineered:Wastewater:Water_and_sludge,ERR1201395
1126,root:Engineered:Wastewater:Water_and_sludge,ERR1201396
1127,root:Engineered:Wastewater:Water_and_sludge,ERR1201397
1128,root:Engineered:Wastewater:Water_and_sludge,ERR1201398
1129,root:Engineered:Wastewater:Water_and_sludge,ERR1201399
1130,root:Engineered:Wastewater:Water_and_sludge,ERR1201400
1131,root:Engineered:Wastewater:Water_and_sludge,ERR1201401
1132,root:Engineered:Wastewater:Water_and_sludge,ERR1201402
1133,root:Engineered:Wastewater:Water_and_sludge,ERR1201403
1134,root:Engineered:Wastewater:Water_and_sludge,ERR1201404
1135,root:Engineered:Wastewater:Water_and_sludge,ERR1201405
1136,root:Engineered:Wastewater:Water_and_sludge,ERR1201406
1137,root:Engineered:Wastewater:Water_and_sludge,ERR1201407
1138,root:Engineered:Wastewater:Water_and_sludge,ERR1201408
1139,root:Engineered:Wastewater:Water_and_sludge,ERR1201409
1140,root:Engineered:Wastewater:Water_and_sludge,ERR1201410
1141,root:Engineered:Wastewater:Water_and_sludge,ERR1201411
1142,root:Engineered:Wastewater:Water_and_sludge,ERR1201412
1143,root:Engineered:Wastewater:Water_and_sludge,ERR1201413
1144,root:Engineered:Wastewater:Water_and_sludge,ERR1201414
1145,root:Engineered:Wastewater:Water_and_sludge,ERR1201415
1146,root:Engineered:Wastewater:Water_and_sludge,ERR1201416
1147,root:Engineered:Wastewater:Water_and_sludge,ERR1201417
1148,root:Engineered:Wastewater:Water_and_sludge,ERR1201418
1149,root:Engineered:Wastewater:Water_and_sludge,ERR1201419
1150,root:Engineered:Wastewater:Water_and_sludge,ERR1201420
1151,root:Engineered:Wastewater:Water_and_sludge,ERR1201421
1152,root:Engineered:Wastewater:Water_and_sludge,ERR1201939
1153,root:Engineered:Wastewater:Water_and_sludge,ERR1201940
1154,root:Engineered:Wastewater:Water_and_sludge,ERR1201941
1155,root:Engineered:Wastewater:Water_and_sludge,ERR1201942
1156,root:Engineered:Wastewater:Water_and_sludge,ERR1201943
1157,root:Engineered:Wastewater:Water_and_sludge,ERR1201944
1158,root:Engineered:Wastewater:Water_and_sludge,ERR1201945
1159,root:Engineered:Wastewater:Water_and_sludge,ERR1201946
1160,root:Engineered:Wastewater:Water_and_sludge,ERR1201947
1161,root:Engineered:Wastewater:Water_and_sludge,ERR1201948
1162,root:Engineered:Wastewater:Water_and_sludge,ERR1201949
1163,root:Engineered:Wastewater:Water_and_sludge,ERR1201950
1164,root:Engineered:Wastewater:Water_and_sludge,ERR1201951
1165,root:Engineered:Wastewater:Water_and_sludge,ERR1201952
1166,root:Engineered:Wastewater:Water_and_sludge,ERR1201953
1167,root:Engineered:Wastewater:Water_and_sludge,ERR1201954
1168,root:Engineered:Wastewater:Water_and_sludge,ERR1201955
1169,root:Engineered:Wastewater:Water_and_sludge,ERR1201956
1170,root:Engineered:Wastewater:Water_and_sludge,ERR1201957
1171,root:Engineered:Wastewater:Water_and_sludge,ERR1201958
1172,root:Engineered:Wastewater:Water_and_sludge,ERR1201960
1173,root:Engineered:Wastewater:Water_and_sludge,ERR1201961
1174,root:Engineered:Wastewater:Water_and_sludge,ERR1201962
1175,root:Engineered:Wastewater:Water_and_sludge,ERR1201963
1176,root:Engineered:Wastewater:Water_and_sludge,ERR1201964
1177,root:Engineered:Wastewater:Water_and_sludge,ERR1201965
1178,root:Engineered:Wastewater:Water_and_sludge,ERR1201966
1179,root:Engineered:Wastewater:Water_and_sludge,ERR1201967
1180,root:Engineered:Wastewater:Water_and_sludge,ERR1201968
1181,root:Engineered:Wastewater:Water_and_sludge,ERR1201969
1182,root:Engineered:Wastewater:Water_and_sludge,ERR1201970
1183,root:Engineered:Wastewater:Water_and_sludge,ERR1201971
1184,root:Engineered:Wastewater:Water_and_sludge,ERR1201972
1185,root:Engineered:Wastewater:Water_and_sludge,ERR1201973
1186,root:Engineered:Wastewater:Water_and_sludge,ERR1201974
1187,root:Engineered:Wastewater:Water_and_sludge,ERR1201975
1188,root:Engineered:Wastewater:Water_and_sludge,ERR1201976
1189,root:Engineered:Wastewater:Water_and_sludge,ERR1201977
1190,root:Engineered:Wastewater:Water_and_sludge,ERR1201978
1191,root:Engineered:Wastewater:Water_and_sludge,ERR1201979
1192,root:Engineered:Wastewater:Water_and_sludge,ERR1201980
1193,root:Engineered:Wastewater:Water_and_sludge,ERR1201981
1194,root:Engineered:Wastewater:Water_and_sludge,ERR1201982
1195,root:Engineered:Wastewater:Water_and_sludge,ERR1201983
1196,root:Engineered:Wastewater:Water_and_sludge,ERR1201984
1197,root:Engineered:Wastewater:Water_and_sludge,ERR1201985
1198,root:Engineered:Wastewater:Water_and_sludge,ERR1201986
1199,root:Engineered:Wastewater:Water_and_sludge,ERR1201987
1200,root:Engineered:Wastewater:Water_and_sludge,ERR1201988
1201,root:Engineered:Wastewater:Water_and_sludge,ERR1201989
1202,root:Engineered:Wastewater:Water_and_sludge,ERR1201990
1203,root:Engineered:Wastewater:Water_and_sludge,ERR1201991
1204,root:Engineered:Wastewater:Water_and_sludge,ERR1201992
1205,root:Engineered:Wastewater:Water_and_sludge,ERR1201993
1206,root:Engineered:Wastewater:Water_and_sludge,ERR1201994
1207,root:Engineered:Wastewater:Water_and_sludge,ERR1201995
1208,root:Engineered:Wastewater:Water_and_sludge,ERR1201996
1209,root:Engineered:Wastewater:Water_and_sludge,ERR1201997
1210,root:Engineered:Wastewater:Water_and_sludge,ERR1201998
1211,root:Engineered:Wastewater:Water_and_sludge,SRR851933
1212,root:Engineered:Wastewater:Water_and_sludge,ERR2200208
1213,root:Engineered:Wastewater:Water_and_sludge,ERR2200209
1214,root:Engineered:Wastewater:Water_and_sludge,ERR2200210
1215,root:Engineered:Wastewater:Water_and_sludge,ERR2200211
1216,root:Engineered:Wastewater:Water_and_sludge,ERR2200212
1217,root:Engineered:Wastewater:Water_and_sludge,ERR2200215
1218,root:Engineered:Wastewater:Water_and_sludge,ERR2200216
1219,root:Engineered:Wastewater:Water_and_sludge,ERR2200217
1220,root:Engineered:Wastewater:Water_and_sludge,ERR2200218
1221,root:Engineered:Wastewater:Water_and_sludge,ERR2200219
1222,root:Engineered:Wastewater:Water_and_sludge,ERR2200220
1223,root:Engineered:Wastewater:Water_and_sludge,ERR2200221
1224,root:Engineered:Wastewater:Water_and_sludge,ERR2200222
1225,root:Engineered:Wastewater:Water_and_sludge,ERR2200223
1226,root:Engineered:Wastewater:Water_and_sludge,ERR2200224
1227,root:Engineered:Wastewater:Water_and_sludge,ERR2200225
1228,root:Engineered:Wastewater:Water_and_sludge,ERR2200226
1229,root:Engineered:Wastewater:Water_and_sludge,ERR2200227
1230,root:Engineered:Wastewater:Water_and_sludge,ERR2200228
1231,root:Engineered:Wastewater:Water_and_sludge,ERR2097563
1232,root:Engineered:Wastewater:Water_and_sludge,ERR2097564
1233,root:Engineered:Wastewater:Water_and_sludge,ERR2097565
1234,root:Engineered:Wastewater:Water_and_sludge,ERR2097566
1235,root:Engineered:Wastewater:Water_and_sludge,ERR2097567
1236,root:Engineered:Wastewater:Water_and_sludge,ERR2097568
1237,root:Engineered:Wastewater:Water_and_sludge,ERR2097569
1238,root:Engineered:Wastewater:Water_and_sludge,ERR2097570
1239,root:Engineered:Wastewater:Water_and_sludge,ERR2097571
1240,root:Engineered:Wastewater:Water_and_sludge,ERR2097572
1241,root:Engineered:Wastewater:Water_and_sludge,ERR2097573
1242,root:Engineered:Wastewater:Water_and_sludge,ERR2097574
1243,root:Engineered:Wastewater:Water_and_sludge,ERR2097575
1244,root:Engineered:Wastewater:Water_and_sludge,ERR2097576
1245,root:Engineered:Wastewater:Water_and_sludge,ERR2097577
1246,root:Engineered:Wastewater:Water_and_sludge,ERR2097578
1247,root:Engineered:Wastewater:Water_and_sludge,ERR2097579
1248,root:Engineered:Wastewater:Water_and_sludge,ERR2097580
1249,root:Engineered:Wastewater:Water_and_sludge,ERR2097581
1250,root:Engineered:Wastewater:Water_and_sludge,ERR2097582
1251,root:Engineered:Wastewater:Water_and_sludge,ERR2097583
1252,root:Engineered:Wastewater:Water_and_sludge,ERR2097584
1253,root:Engineered:Wastewater:Water_and_sludge,ERR2097585
1254,root:Engineered:Wastewater:Water_and_sludge,ERR2097586
1255,root:Engineered:Wastewater:Water_and_sludge,ERR2097587
1256,root:Engineered:Wastewater:Water_and_sludge,ERR2097588
1257,root:Engineered:Wastewater:Water_and_sludge,ERR2097589
1258,root:Engineered:Wastewater:Water_and_sludge,ERR2097590
1259,root:Engineered:Wastewater:Water_and_sludge,ERR2097591
1260,root:Engineered:Wastewater:Water_and_sludge,ERR2097592
1261,root:Engineered:Wastewater:Water_and_sludge,ERR2097593
1262,root:Engineered:Wastewater:Water_and_sludge,ERR2097594
1263,root:Engineered:Wastewater:Water_and_sludge,ERR2097595
1264,root:Engineered:Wastewater:Water_and_sludge,ERR2097596
1265,root:Engineered:Wastewater:Water_and_sludge,ERR2097597
1266,root:Engineered:Wastewater:Water_and_sludge,ERR2097598
1267,root:Engineered:Wastewater:Water_and_sludge,ERR2097599
1268,root:Engineered:Wastewater:Water_and_sludge,ERR2097600
1269,root:Engineered:Wastewater:Water_and_sludge,SRR8224500
1270,root:Engineered:Wastewater:Water_and_sludge,SRR8224501
1271,root:Engineered:Wastewater:Water_and_sludge,ERR2808645
1272,root:Engineered:Wastewater:Water_and_sludge,ERR2808646
1273,root:Engineered:Wastewater:Water_and_sludge,ERR2808647
1274,root:Engineered:Wastewater:Water_and_sludge,ERR2808648
1275,root:Engineered:Wastewater:Water_and_sludge,ERR2808649
1276,root:Engineered:Wastewater:Water_and_sludge,ERR2808650
1277,root:Engineered:Wastewater:Water_and_sludge,ERR2808651
1278,root:Engineered:Wastewater:Water_and_sludge,ERR2808652
1279,root:Engineered:Wastewater:Water_and_sludge,ERR2808653
1280,root:Engineered:Wastewater:Water_and_sludge,ERR2808654
1281,root:Engineered:Wastewater:Water_and_sludge,ERR2808655
1282,root:Engineered:Wastewater:Water_and_sludge,ERR2808656
1283,root:Engineered:Wastewater:Water_and_sludge,ERR2808657
1284,root:Engineered:Wastewater:Water_and_sludge,ERR2808658
1285,root:Engineered:Wastewater:Water_and_sludge,ERR2808659
1286,root:Engineered:Wastewater:Water_and_sludge,ERR2808660
1287,root:Engineered:Wastewater:Water_and_sludge,ERR2808661
1288,root:Engineered:Wastewater:Water_and_sludge,ERR2808662
1289,root:Engineered:Wastewater:Water_and_sludge,ERR2808663
1290,root:Engineered:Wastewater:Water_and_sludge,ERR2808664
1291,root:Engineered:Wastewater:Water_and_sludge,ERR2808665
1292,root:Engineered:Wastewater:Water_and_sludge,ERR2808666
1293,root:Engineered:Wastewater:Water_and_sludge,ERR2808667
1294,root:Engineered:Wastewater:Water_and_sludge,ERR2808668
1295,root:Host-associated:Human:Digestive_system:Oral:tongue_dorsum,ERR441770
1296,root:Host-associated:Human:Digestive_system:Oral:tongue_dorsum,ERR441771
1297,root:Host-associated:Human:Digestive_system:Oral:tongue_dorsum,ERR441772
1298,root:Host-associated:Human:Digestive_system:Oral:tongue_dorsum,ERR441773
1299,root:Host-associated:Human:Digestive_system:Oral:tongue_dorsum,ERR441774
1300,root:Host-associated:Human:Digestive_system:Oral:tongue_dorsum,ERR441775
1301,root:Host-associated:Human:Digestive_system:Oral:tongue_dorsum,ERR441776
1302,root:Host-associated:Human:Digestive_system:Oral:tongue_dorsum,ERR441777
1303,root:Host-associated:Human:Digestive_system:Oral:tongue_dorsum,ERR441778
1304,root:Host-associated:Human:Digestive_system:Oral:tongue_dorsum,ERR441779
1305,root:Mixed,ERR1754760
1306,root:Mixed,ERR1754761
1307,root:Mixed,ERR1754762
1308,root:Mixed,ERR1754763
1309,root:Mixed,ERR1754764
1310,root:Mixed,ERR1754765
1311,root:Mixed,ERR1754766
1312,root:Mixed,ERR1754767
1313,root:Mixed,ERR1754768
1314,root:Mixed,ERR1754769
