#SampleID	SRR1045083
Root	78784
Root;k__Archaea;p__Euryarchaeota;c__Halobacteria;o__Halobacteriales;f__Halobacteriaceae;g__Haloarcula;s__	2
Root;k__Archaea;p__Euryarchaeota;c__Halobacteria;o__Halobacteriales;f__Halobacteriaceae;g__Halorubrum;s__	1
Root;k__Bacteria;p__;c__;o__;f__;g__;s__	3
Root;k__Bacteria;p__Acidobacteria;c__;o__;f__;g__;s__	7
Root;k__Bacteria;p__Acidobacteria;c__AT-s54;o__;f__;g__;s__	5
Root;k__Bacteria;p__Acidobacteria;c__Acidobacteria-5;o__;f__;g__;s__	63
Root;k__Bacteria;p__Acidobacteria;c__Acidobacteria-6;o__;f__;g__;s__	18
Root;k__Bacteria;p__Acidobacteria;c__Acidobacteria-6;o__BPC015;f__;g__;s__	16
Root;k__Bacteria;p__Acidobacteria;c__Acidobacteria-6;o__CCU21;f__;g__;s__	64
Root;k__Bacteria;p__Acidobacteria;c__Acidobacteria-6;o__iii1-15;f__;g__;s__	2019
Root;k__Bacteria;p__Acidobacteria;c__Acidobacteria-6;o__iii1-15;f__RB40;g__;s__	119
Root;k__Bacteria;p__Acidobacteria;c__Acidobacteria-6;o__iii1-15;f__mb2424;g__;s__	573
Root;k__Bacteria;p__Acidobacteria;c__Acidobacteriia;o__Acidobacteriales;f__;g__;s__	2
Root;k__Bacteria;p__Acidobacteria;c__Acidobacteriia;o__Acidobacteriales;f__Koribacteraceae;g__;s__	5
Root;k__Bacteria;p__Acidobacteria;c__Acidobacteriia;o__Acidobacteriales;f__Koribacteraceae;g__CandidatusKoribacter;s__	13
Root;k__Bacteria;p__Acidobacteria;c__BPC102;o__;f__;g__;s__	5
Root;k__Bacteria;p__Acidobacteria;c__BPC102;o__B110;f__;g__;s__	9
Root;k__Bacteria;p__Acidobacteria;c__BPC102;o__MVS-40;f__;g__;s__	5
Root;k__Bacteria;p__Acidobacteria;c__DA052;o__Ellin6513;f__;g__;s__	2
Root;k__Bacteria;p__Acidobacteria;c__EC1113;o__;f__;g__;s__	4
Root;k__Bacteria;p__Acidobacteria;c__PAUC37f;o__;f__;g__;s__	33
Root;k__Bacteria;p__Acidobacteria;c__RB25;o__;f__;g__;s__	18
Root;k__Bacteria;p__Acidobacteria;c__S035;o__;f__;g__;s__	26
Root;k__Bacteria;p__Acidobacteria;c__Solibacteres;o__JH-WHS99;f__;g__;s__	1
Root;k__Bacteria;p__Acidobacteria;c__Solibacteres;o__Solibacterales;f__;g__;s__	161
Root;k__Bacteria;p__Acidobacteria;c__Solibacteres;o__Solibacterales;f__PAUC26f;g__;s__	2
Root;k__Bacteria;p__Acidobacteria;c__Solibacteres;o__Solibacterales;f__Solibacteraceae;g__;s__	2
Root;k__Bacteria;p__Acidobacteria;c__Solibacteres;o__Solibacterales;f__Solibacteraceae;g__CandidatusSolibacter;s__	10
Root;k__Bacteria;p__Acidobacteria;c__Sva0725;o__Sva0725;f__;g__;s__	193
Root;k__Bacteria;p__Acidobacteria;c__[Chloracidobacteria];o__11-24;f__;g__;s__	28
Root;k__Bacteria;p__Acidobacteria;c__[Chloracidobacteria];o__DS-100;f__;g__;s__	15
Root;k__Bacteria;p__Acidobacteria;c__[Chloracidobacteria];o__PK29;f__;g__;s__	5
Root;k__Bacteria;p__Acidobacteria;c__[Chloracidobacteria];o__RB41;f__;g__;s__	272
Root;k__Bacteria;p__Acidobacteria;c__[Chloracidobacteria];o__RB41;f__Ellin6075;g__;s__	335
Root;k__Bacteria;p__Acidobacteria;c__iii1-8;o__32-20;f__;g__;s__	14
Root;k__Bacteria;p__Acidobacteria;c__iii1-8;o__DS-18;f__;g__;s__	371
Root;k__Bacteria;p__Acidobacteria;c__iii1-8;o__SJA-36;f__;g__;s__	1
Root;k__Bacteria;p__Actinobacteria;c__Acidimicrobiia;o__Acidimicrobiales;f__;g__;s__	247
Root;k__Bacteria;p__Actinobacteria;c__Acidimicrobiia;o__Acidimicrobiales;f__AKIW874;g__;s__	5
Root;k__Bacteria;p__Actinobacteria;c__Acidimicrobiia;o__Acidimicrobiales;f__C111;g__;s__	72
Root;k__Bacteria;p__Actinobacteria;c__Acidimicrobiia;o__Acidimicrobiales;f__EB1017;g__;s__	98
Root;k__Bacteria;p__Actinobacteria;c__Actinobacteria;o__Actinomycetales;f__;g__;s__	383
Root;k__Bacteria;p__Actinobacteria;c__Actinobacteria;o__Actinomycetales;f__ACK-M1;g__;s__	1
Root;k__Bacteria;p__Actinobacteria;c__Actinobacteria;o__Actinomycetales;f__Actinomycetaceae;g__Mobiluncus;s__	1
Root;k__Bacteria;p__Actinobacteria;c__Actinobacteria;o__Actinomycetales;f__Actinosynnemataceae;g__;s__	8
Root;k__Bacteria;p__Actinobacteria;c__Actinobacteria;o__Actinomycetales;f__Actinosynnemataceae;g__Actinoalloteichus;s__	5
Root;k__Bacteria;p__Actinobacteria;c__Actinobacteria;o__Actinomycetales;f__Actinosynnemataceae;g__Saccharothrix;s__	5
Root;k__Bacteria;p__Actinobacteria;c__Actinobacteria;o__Actinomycetales;f__Beutenbergiaceae;g__Salana;s__multivorans	2
Root;k__Bacteria;p__Actinobacteria;c__Actinobacteria;o__Actinomycetales;f__Bogoriellaceae;g__Georgenia;s__	5
Root;k__Bacteria;p__Actinobacteria;c__Actinobacteria;o__Actinomycetales;f__Cellulomonadaceae;g__Actinotalea;s__	7
Root;k__Bacteria;p__Actinobacteria;c__Actinobacteria;o__Actinomycetales;f__Cellulomonadaceae;g__Cellulomonas;s__xylanilytica	3
Root;k__Bacteria;p__Actinobacteria;c__Actinobacteria;o__Actinomycetales;f__Cellulomonadaceae;g__Demequina;s__	4
Root;k__Bacteria;p__Actinobacteria;c__Actinobacteria;o__Actinomycetales;f__Cellulomonadaceae;g__Oerskovia;s__jenensis	2
Root;k__Bacteria;p__Actinobacteria;c__Actinobacteria;o__Actinomycetales;f__Corynebacteriaceae;g__Corynebacterium;s__	70
Root;k__Bacteria;p__Actinobacteria;c__Actinobacteria;o__Actinomycetales;f__Dietziaceae;g__Dietzia;s__	6
Root;k__Bacteria;p__Actinobacteria;c__Actinobacteria;o__Actinomycetales;f__Geodermatophilaceae;g__;s__	372
Root;k__Bacteria;p__Actinobacteria;c__Actinobacteria;o__Actinomycetales;f__Geodermatophilaceae;g__Blastococcus;s__aggregatus	2
Root;k__Bacteria;p__Actinobacteria;c__Actinobacteria;o__Actinomycetales;f__Geodermatophilaceae;g__Geodermatophilus;s__	141
Root;k__Bacteria;p__Actinobacteria;c__Actinobacteria;o__Actinomycetales;f__Geodermatophilaceae;g__Modestobacter;s__	2
Root;k__Bacteria;p__Actinobacteria;c__Actinobacteria;o__Actinomycetales;f__Gordoniaceae;g__Millisia;s__brevis	1
Root;k__Bacteria;p__Actinobacteria;c__Actinobacteria;o__Actinomycetales;f__Intrasporangiaceae;g__;s__	93
Root;k__Bacteria;p__Actinobacteria;c__Actinobacteria;o__Actinomycetales;f__Intrasporangiaceae;g__Knoellia;s__	1
Root;k__Bacteria;p__Actinobacteria;c__Actinobacteria;o__Actinomycetales;f__Intrasporangiaceae;g__Phycicoccus;s__	94
Root;k__Bacteria;p__Actinobacteria;c__Actinobacteria;o__Actinomycetales;f__Intrasporangiaceae;g__Terracoccus;s__	1
Root;k__Bacteria;p__Actinobacteria;c__Actinobacteria;o__Actinomycetales;f__Kineosporiaceae;g__;s__	15
Root;k__Bacteria;p__Actinobacteria;c__Actinobacteria;o__Actinomycetales;f__Kineosporiaceae;g__Kineosporia;s__	2
Root;k__Bacteria;p__Actinobacteria;c__Actinobacteria;o__Actinomycetales;f__Kineosporiaceae;g__Quadrisphaera;s__granulorum	2
Root;k__Bacteria;p__Actinobacteria;c__Actinobacteria;o__Actinomycetales;f__Microbacteriaceae;g__;s__	79
Root;k__Bacteria;p__Actinobacteria;c__Actinobacteria;o__Actinomycetales;f__Microbacteriaceae;g__Agrococcus;s__	2
Root;k__Bacteria;p__Actinobacteria;c__Actinobacteria;o__Actinomycetales;f__Microbacteriaceae;g__Agrococcus;s__jenensis	7
Root;k__Bacteria;p__Actinobacteria;c__Actinobacteria;o__Actinomycetales;f__Microbacteriaceae;g__Agromyces;s__	94
Root;k__Bacteria;p__Actinobacteria;c__Actinobacteria;o__Actinomycetales;f__Microbacteriaceae;g__Curtobacterium;s__	1
Root;k__Bacteria;p__Actinobacteria;c__Actinobacteria;o__Actinomycetales;f__Microbacteriaceae;g__Leucobacter;s__	1
Root;k__Bacteria;p__Actinobacteria;c__Actinobacteria;o__Actinomycetales;f__Microbacteriaceae;g__Microbacterium;s__	109
Root;k__Bacteria;p__Actinobacteria;c__Actinobacteria;o__Actinomycetales;f__Microbacteriaceae;g__Microbacterium;s__chocolatum	7
Root;k__Bacteria;p__Actinobacteria;c__Actinobacteria;o__Actinomycetales;f__Microbacteriaceae;g__Microbacterium;s__maritypicum	17
Root;k__Bacteria;p__Actinobacteria;c__Actinobacteria;o__Actinomycetales;f__Microbacteriaceae;g__Rathayibacter;s__caricis	4
Root;k__Bacteria;p__Actinobacteria;c__Actinobacteria;o__Actinomycetales;f__Microbacteriaceae;g__Salinibacterium;s__	1
Root;k__Bacteria;p__Actinobacteria;c__Actinobacteria;o__Actinomycetales;f__Micrococcaceae;g__;s__	1812
Root;k__Bacteria;p__Actinobacteria;c__Actinobacteria;o__Actinomycetales;f__Micrococcaceae;g__Arthrobacter;s__	52
Root;k__Bacteria;p__Actinobacteria;c__Actinobacteria;o__Actinomycetales;f__Micrococcaceae;g__Arthrobacter;s__nicotinovorans	222
Root;k__Bacteria;p__Actinobacteria;c__Actinobacteria;o__Actinomycetales;f__Micrococcaceae;g__Arthrobacter;s__nitroguajacolicus	1
Root;k__Bacteria;p__Actinobacteria;c__Actinobacteria;o__Actinomycetales;f__Micrococcaceae;g__Citricoccus;s__	7
Root;k__Bacteria;p__Actinobacteria;c__Actinobacteria;o__Actinomycetales;f__Micrococcaceae;g__Kocuria;s__	2
Root;k__Bacteria;p__Actinobacteria;c__Actinobacteria;o__Actinomycetales;f__Micrococcaceae;g__Micrococcus;s__luteus	4
Root;k__Bacteria;p__Actinobacteria;c__Actinobacteria;o__Actinomycetales;f__Micrococcaceae;g__Nesterenkonia;s__	2
Root;k__Bacteria;p__Actinobacteria;c__Actinobacteria;o__Actinomycetales;f__Micromonosporaceae;g__;s__	114
Root;k__Bacteria;p__Actinobacteria;c__Actinobacteria;o__Actinomycetales;f__Micromonosporaceae;g__Actinoplanes;s__	8
Root;k__Bacteria;p__Actinobacteria;c__Actinobacteria;o__Actinomycetales;f__Micromonosporaceae;g__Actinoplanes;s__durhamensis	10
Root;k__Bacteria;p__Actinobacteria;c__Actinobacteria;o__Actinomycetales;f__Micromonosporaceae;g__Catellatospora;s__	41
Root;k__Bacteria;p__Actinobacteria;c__Actinobacteria;o__Actinomycetales;f__Micromonosporaceae;g__Catenuloplanes;s__atrovinosus	4
Root;k__Bacteria;p__Actinobacteria;c__Actinobacteria;o__Actinomycetales;f__Micromonosporaceae;g__Couchioplanes;s__	90
Root;k__Bacteria;p__Actinobacteria;c__Actinobacteria;o__Actinomycetales;f__Micromonosporaceae;g__Dactylosporangium;s__	25
Root;k__Bacteria;p__Actinobacteria;c__Actinobacteria;o__Actinomycetales;f__Micromonosporaceae;g__Pilimelia;s__	18
Root;k__Bacteria;p__Actinobacteria;c__Actinobacteria;o__Actinomycetales;f__Micromonosporaceae;g__Virgisporangium;s__	2
Root;k__Bacteria;p__Actinobacteria;c__Actinobacteria;o__Actinomycetales;f__Micromonosporaceae;g__Virgisporangium;s__ochraceum	30
Root;k__Bacteria;p__Actinobacteria;c__Actinobacteria;o__Actinomycetales;f__Mycobacteriaceae;g__Mycobacterium;s__	81
Root;k__Bacteria;p__Actinobacteria;c__Actinobacteria;o__Actinomycetales;f__Mycobacteriaceae;g__Mycobacterium;s__llatzerense	2
Root;k__Bacteria;p__Actinobacteria;c__Actinobacteria;o__Actinomycetales;f__Mycobacteriaceae;g__Mycobacterium;s__vaccae	2
Root;k__Bacteria;p__Actinobacteria;c__Actinobacteria;o__Actinomycetales;f__Nocardiaceae;g__;s__	1
Root;k__Bacteria;p__Actinobacteria;c__Actinobacteria;o__Actinomycetales;f__Nocardiaceae;g__Nocardia;s__	21
Root;k__Bacteria;p__Actinobacteria;c__Actinobacteria;o__Actinomycetales;f__Nocardiaceae;g__Nocardia;s__concava	2
Root;k__Bacteria;p__Actinobacteria;c__Actinobacteria;o__Actinomycetales;f__Nocardiaceae;g__Rhodococcus;s__equi	13
Root;k__Bacteria;p__Actinobacteria;c__Actinobacteria;o__Actinomycetales;f__Nocardiaceae;g__Rhodococcus;s__fascians	104
Root;k__Bacteria;p__Actinobacteria;c__Actinobacteria;o__Actinomycetales;f__Nocardiaceae;g__Skermania;s__piniformis	1
Root;k__Bacteria;p__Actinobacteria;c__Actinobacteria;o__Actinomycetales;f__Nocardiaceae;g__Smaragdicoccus;s__niigatensis	2
Root;k__Bacteria;p__Actinobacteria;c__Actinobacteria;o__Actinomycetales;f__Nocardioidaceae;g__;s__	877
Root;k__Bacteria;p__Actinobacteria;c__Actinobacteria;o__Actinomycetales;f__Nocardioidaceae;g__Aeromicrobium;s__	76
Root;k__Bacteria;p__Actinobacteria;c__Actinobacteria;o__Actinomycetales;f__Nocardioidaceae;g__Kribbella;s__	1
Root;k__Bacteria;p__Actinobacteria;c__Actinobacteria;o__Actinomycetales;f__Nocardioidaceae;g__Nocardioides;s__	80
Root;k__Bacteria;p__Actinobacteria;c__Actinobacteria;o__Actinomycetales;f__Nocardioidaceae;g__Pimelobacter;s__	2
Root;k__Bacteria;p__Actinobacteria;c__Actinobacteria;o__Actinomycetales;f__Nocardioidaceae;g__Propionicimonas;s__	3
Root;k__Bacteria;p__Actinobacteria;c__Actinobacteria;o__Actinomycetales;f__Nocardiopsaceae;g__;s__	10
Root;k__Bacteria;p__Actinobacteria;c__Actinobacteria;o__Actinomycetales;f__Promicromonosporaceae;g__Cellulosimicrobium;s__	13
Root;k__Bacteria;p__Actinobacteria;c__Actinobacteria;o__Actinomycetales;f__Promicromonosporaceae;g__Xylanimicrobium;s__	1
Root;k__Bacteria;p__Actinobacteria;c__Actinobacteria;o__Actinomycetales;f__Propionibacteriaceae;g__;s__	5
Root;k__Bacteria;p__Actinobacteria;c__Actinobacteria;o__Actinomycetales;f__Propionibacteriaceae;g__Microlunatus;s__	8
Root;k__Bacteria;p__Actinobacteria;c__Actinobacteria;o__Actinomycetales;f__Propionibacteriaceae;g__Propionibacterium;s__acnes	1
Root;k__Bacteria;p__Actinobacteria;c__Actinobacteria;o__Actinomycetales;f__Propionibacteriaceae;g__Tessaracoccus;s__	3
Root;k__Bacteria;p__Actinobacteria;c__Actinobacteria;o__Actinomycetales;f__Pseudonocardiaceae;g__;s__	8
Root;k__Bacteria;p__Actinobacteria;c__Actinobacteria;o__Actinomycetales;f__Pseudonocardiaceae;g__Actinomycetospora;s__	4
Root;k__Bacteria;p__Actinobacteria;c__Actinobacteria;o__Actinomycetales;f__Pseudonocardiaceae;g__Pseudonocardia;s__	160
Root;k__Bacteria;p__Actinobacteria;c__Actinobacteria;o__Actinomycetales;f__Pseudonocardiaceae;g__Saccharomonospora;s__	16
Root;k__Bacteria;p__Actinobacteria;c__Actinobacteria;o__Actinomycetales;f__Sporichthyaceae;g__;s__	3
Root;k__Bacteria;p__Actinobacteria;c__Actinobacteria;o__Actinomycetales;f__Streptomycetaceae;g__;s__	66
Root;k__Bacteria;p__Actinobacteria;c__Actinobacteria;o__Actinomycetales;f__Streptomycetaceae;g__Streptomyces;s__	134
Root;k__Bacteria;p__Actinobacteria;c__Actinobacteria;o__Actinomycetales;f__Streptomycetaceae;g__Streptomyces;s__aureofaciens	11
Root;k__Bacteria;p__Actinobacteria;c__Actinobacteria;o__Actinomycetales;f__Streptomycetaceae;g__Streptomyces;s__mirabilis	22
Root;k__Bacteria;p__Actinobacteria;c__Actinobacteria;o__Actinomycetales;f__Streptosporangiaceae;g__;s__	27
Root;k__Bacteria;p__Actinobacteria;c__Actinobacteria;o__Actinomycetales;f__Streptosporangiaceae;g__Sphaerisporangium;s__	3
Root;k__Bacteria;p__Actinobacteria;c__Actinobacteria;o__Actinomycetales;f__Streptosporangiaceae;g__Streptosporangium;s__	1
Root;k__Bacteria;p__Actinobacteria;c__Actinobacteria;o__Actinomycetales;f__Thermomonosporaceae;g__;s__	9
Root;k__Bacteria;p__Actinobacteria;c__Actinobacteria;o__Actinomycetales;f__Tsukamurellaceae;g__Tsukamurella;s__	1
Root;k__Bacteria;p__Actinobacteria;c__Coriobacteriia;o__Coriobacteriales;f__Coriobacteriaceae;g__;s__	3
Root;k__Bacteria;p__Actinobacteria;c__MB-A2-108;o__0319-7L14;f__;g__;s__	36
Root;k__Bacteria;p__Actinobacteria;c__MB-A2-108;o__;f__;g__;s__	2
Root;k__Bacteria;p__Actinobacteria;c__Nitriliruptoria;o__Euzebyales;f__Euzebyaceae;g__Euzebya;s__	1
Root;k__Bacteria;p__Actinobacteria;c__Thermoleophilia;o__Gaiellales;f__;g__;s__	4
Root;k__Bacteria;p__Actinobacteria;c__Thermoleophilia;o__Gaiellales;f__Gaiellaceae;g__;s__	598
Root;k__Bacteria;p__Actinobacteria;c__Thermoleophilia;o__Solirubrobacterales;f__;g__;s__	269
Root;k__Bacteria;p__Actinobacteria;c__Thermoleophilia;o__Solirubrobacterales;f__Conexibacteraceae;g__;s__	50
Root;k__Bacteria;p__Actinobacteria;c__Thermoleophilia;o__Solirubrobacterales;f__Conexibacteraceae;g__Conexibacter;s__	1
Root;k__Bacteria;p__Actinobacteria;c__Thermoleophilia;o__Solirubrobacterales;f__Patulibacteraceae;g__;s__	5
Root;k__Bacteria;p__Actinobacteria;c__Thermoleophilia;o__Solirubrobacterales;f__Patulibacteraceae;g__Patulibacter;s__	4
Root;k__Bacteria;p__Actinobacteria;c__Thermoleophilia;o__Solirubrobacterales;f__Solirubrobacteraceae;g__;s__	55
Root;k__Bacteria;p__Armatimonadetes;c__0319-6E2;o__;f__;g__;s__	24
Root;k__Bacteria;p__Armatimonadetes;c__[Fimbriimonadia];o__[Fimbriimonadales];f__;g__;s__	10
Root;k__Bacteria;p__Armatimonadetes;c__[Fimbriimonadia];o__[Fimbriimonadales];f__[Fimbriimonadaceae];g__;s__	2
Root;k__Bacteria;p__Armatimonadetes;c__[Fimbriimonadia];o__[Fimbriimonadales];f__[Fimbriimonadaceae];g__Fimbriimonas;s__	17
Root;k__Bacteria;p__Bacteroidetes;c__Bacteroidia;o__Bacteroidales;f__Bacteroidaceae;g__Bacteroides;s__	3
Root;k__Bacteria;p__Bacteroidetes;c__Cytophagia;o__Cytophagales;f__Cytophagaceae;g__;s__	74
Root;k__Bacteria;p__Bacteroidetes;c__Cytophagia;o__Cytophagales;f__Cytophagaceae;g__Adhaeribacter;s__	4
Root;k__Bacteria;p__Bacteroidetes;c__Cytophagia;o__Cytophagales;f__Cytophagaceae;g__Dyadobacter;s__	2
Root;k__Bacteria;p__Bacteroidetes;c__Cytophagia;o__Cytophagales;f__Cytophagaceae;g__Rhodocytophaga;s__	4
Root;k__Bacteria;p__Bacteroidetes;c__Cytophagia;o__Cytophagales;f__Cytophagaceae;g__Sporocytophaga;s__	5
Root;k__Bacteria;p__Bacteroidetes;c__Cytophagia;o__Cytophagales;f__Flammeovirgaceae;g__;s__	1
Root;k__Bacteria;p__Bacteroidetes;c__Flavobacteriia;o__Flavobacteriales;f__Flavobacteriaceae;g__;s__	14
Root;k__Bacteria;p__Bacteroidetes;c__Flavobacteriia;o__Flavobacteriales;f__Flavobacteriaceae;g__Flavobacterium;s__	68
Root;k__Bacteria;p__Bacteroidetes;c__Flavobacteriia;o__Flavobacteriales;f__Flavobacteriaceae;g__Flavobacterium;s__succinicans	16
Root;k__Bacteria;p__Bacteroidetes;c__Flavobacteriia;o__Flavobacteriales;f__[Weeksellaceae];g__Chryseobacterium;s__	8
Root;k__Bacteria;p__Bacteroidetes;c__Sphingobacteriia;o__Sphingobacteriales;f__;g__;s__	21
Root;k__Bacteria;p__Bacteroidetes;c__Sphingobacteriia;o__Sphingobacteriales;f__Sphingobacteriaceae;g__;s__	10
Root;k__Bacteria;p__Bacteroidetes;c__Sphingobacteriia;o__Sphingobacteriales;f__Sphingobacteriaceae;g__Pedobacter;s__	3
Root;k__Bacteria;p__Bacteroidetes;c__Sphingobacteriia;o__Sphingobacteriales;f__Sphingobacteriaceae;g__Sphingobacterium;s__multivorum	9
Root;k__Bacteria;p__Bacteroidetes;c__VC2_1_Bac22;o__;f__;g__;s__	1
Root;k__Bacteria;p__Bacteroidetes;c__[Rhodothermi];o__[Rhodothermales];f__Rhodothermaceae;g__Rubricoccus;s__	1
Root;k__Bacteria;p__Bacteroidetes;c__[Saprospirae];o__[Saprospirales];f__;g__;s__	3
Root;k__Bacteria;p__Bacteroidetes;c__[Saprospirae];o__[Saprospirales];f__Chitinophagaceae;g__;s__	213
Root;k__Bacteria;p__Bacteroidetes;c__[Saprospirae];o__[Saprospirales];f__Chitinophagaceae;g__Flavihumibacter;s__	1
Root;k__Bacteria;p__Bacteroidetes;c__[Saprospirae];o__[Saprospirales];f__Chitinophagaceae;g__Flavisolibacter;s__	66
Root;k__Bacteria;p__Bacteroidetes;c__[Saprospirae];o__[Saprospirales];f__Chitinophagaceae;g__Niastella;s__	2
Root;k__Bacteria;p__Bacteroidetes;c__[Saprospirae];o__[Saprospirales];f__Chitinophagaceae;g__Sediminibacterium;s__	19
Root;k__Bacteria;p__Bacteroidetes;c__[Saprospirae];o__[Saprospirales];f__Chitinophagaceae;g__Segetibacter;s__	2
Root;k__Bacteria;p__Bacteroidetes;c__[Saprospirae];o__[Saprospirales];f__Saprospiraceae;g__;s__	84
Root;k__Bacteria;p__Chlorobi;c__;o__;f__;g__;s__	3
Root;k__Bacteria;p__Chlorobi;c__BSV26;o__A89;f__;g__;s__	2
Root;k__Bacteria;p__Chlorobi;c__SJA-28;o__;f__;g__;s__	17
Root;k__Bacteria;p__Chloroflexi;c__;o__;f__;g__;s__	1
Root;k__Bacteria;p__Chloroflexi;c__Anaerolineae;o__Ardenscatenales;f__Ardenscatenaceae;g__Ardenscatena;s__	16
Root;k__Bacteria;p__Chloroflexi;c__Anaerolineae;o__CFB-26;f__;g__;s__	3
Root;k__Bacteria;p__Chloroflexi;c__Anaerolineae;o__Caldilineales;f__Caldilineaceae;g__;s__	23
Root;k__Bacteria;p__Chloroflexi;c__Anaerolineae;o__H39;f__;g__;s__	8
Root;k__Bacteria;p__Chloroflexi;c__Anaerolineae;o__S0208;f__;g__;s__	12
Root;k__Bacteria;p__Chloroflexi;c__Anaerolineae;o__SBR1031;f__A4b;g__;s__	34
Root;k__Bacteria;p__Chloroflexi;c__Anaerolineae;o__SBR1031;f__oc28;g__;s__	1
Root;k__Bacteria;p__Chloroflexi;c__Anaerolineae;o__WCHB1-50;f__;g__;s__	3
Root;k__Bacteria;p__Chloroflexi;c__Anaerolineae;o__envOPS12;f__;g__;s__	308
Root;k__Bacteria;p__Chloroflexi;c__C0119;o__;f__;g__;s__	11
Root;k__Bacteria;p__Chloroflexi;c__Chloroflexi;o__AKIW781;f__;g__;s__	2
Root;k__Bacteria;p__Chloroflexi;c__Chloroflexi;o__Chloroflexales;f__Oscillochloridaceae;g__Oscillochloris;s__	4
Root;k__Bacteria;p__Chloroflexi;c__Chloroflexi;o__Herpetosiphonales;f__;g__;s__	4
Root;k__Bacteria;p__Chloroflexi;c__Chloroflexi;o__[Roseiflexales];f__;g__;s__	1
Root;k__Bacteria;p__Chloroflexi;c__Chloroflexi;o__[Roseiflexales];f__[Kouleothrixaceae];g__;s__	17
Root;k__Bacteria;p__Chloroflexi;c__Chloroflexi;o__[Roseiflexales];f__[Kouleothrixaceae];g__Kouleothrix;s__	2
Root;k__Bacteria;p__Chloroflexi;c__Ellin6529;o__;f__;g__;s__	203
Root;k__Bacteria;p__Chloroflexi;c__Gitt-GS-136;o__;f__;g__;s__	44
Root;k__Bacteria;p__Chloroflexi;c__Ktedonobacteria;o__;f__;g__;s__	19
Root;k__Bacteria;p__Chloroflexi;c__P2-11E;o__;f__;g__;s__	53
Root;k__Bacteria;p__Chloroflexi;c__S085;o__;f__;g__;s__	41
Root;k__Bacteria;p__Chloroflexi;c__SAR202;o__;f__;g__;s__	1
Root;k__Bacteria;p__Chloroflexi;c__TK10;o__AKYG885;f__5B-12;g__;s__	6
Root;k__Bacteria;p__Chloroflexi;c__TK10;o__AKYG885;f__Dolo_23;g__;s__	23
Root;k__Bacteria;p__Chloroflexi;c__TK10;o__B07_WMSP1;f__;g__;s__	2
Root;k__Bacteria;p__Chloroflexi;c__TK10;o__B07_WMSP1;f__FFCH4570;g__;s__	6
Root;k__Bacteria;p__Chloroflexi;c__TK17;o__;f__;g__;s__	2
Root;k__Bacteria;p__Chloroflexi;c__TK17;o__mle1-48;f__;g__;s__	23
Root;k__Bacteria;p__Chloroflexi;c__Thermomicrobia;o__AKYG1722;f__;g__;s__	18
Root;k__Bacteria;p__Chloroflexi;c__Thermomicrobia;o__JG30-KF-CM45;f__;g__;s__	16
Root;k__Bacteria;p__Cyanobacteria;c__4C0d-2;o__MLE1-12;f__;g__;s__	8
Root;k__Bacteria;p__Cyanobacteria;c__4C0d-2;o__SM1D11;f__;g__;s__	3
Root;k__Bacteria;p__Cyanobacteria;c__;o__;f__;g__;s__	64
Root;k__Bacteria;p__Cyanobacteria;c__Chloroplast;o__;f__;g__;s__	3
Root;k__Bacteria;p__Cyanobacteria;c__Chloroplast;o__Chlorophyta;f__;g__;s__	5
Root;k__Bacteria;p__Cyanobacteria;c__Chloroplast;o__Chlorophyta;f__Chlamydomonadaceae;g__;s__	1
Root;k__Bacteria;p__Cyanobacteria;c__Chloroplast;o__Cryptophyta;f__;g__;s__	4
Root;k__Bacteria;p__Cyanobacteria;c__Chloroplast;o__Stramenopiles;f__;g__;s__	116
Root;k__Bacteria;p__Cyanobacteria;c__Chloroplast;o__Streptophyta;f__;g__;s__	14
Root;k__Bacteria;p__Cyanobacteria;c__ML635J-21;o__;f__;g__;s__	22
Root;k__Bacteria;p__Cyanobacteria;c__Nostocophycideae;o__;f__;g__;s__	2
Root;k__Bacteria;p__Cyanobacteria;c__Nostocophycideae;o__Nostocales;f__;g__;s__	1
Root;k__Bacteria;p__Cyanobacteria;c__Nostocophycideae;o__Nostocales;f__Nostocaceae;g__;s__	5
Root;k__Bacteria;p__Cyanobacteria;c__Nostocophycideae;o__Nostocales;f__Nostocaceae;g__Anabaena;s__cylindrica	2
Root;k__Bacteria;p__Cyanobacteria;c__Nostocophycideae;o__Nostocales;f__Nostocaceae;g__Cylindrospermopsis;s__	1
Root;k__Bacteria;p__Cyanobacteria;c__Nostocophycideae;o__Nostocales;f__Nostocaceae;g__Nostoc;s__	4
Root;k__Bacteria;p__Cyanobacteria;c__Nostocophycideae;o__Nostocales;f__Nostocaceae;g__Nostoc;s__punctiforme	10
Root;k__Bacteria;p__Cyanobacteria;c__Nostocophycideae;o__Nostocales;f__Scytonemataceae;g__Scytonema;s__	1
Root;k__Bacteria;p__Cyanobacteria;c__Oscillatoriophycideae;o__Chroococcales;f__;g__;s__	2
Root;k__Bacteria;p__Cyanobacteria;c__Oscillatoriophycideae;o__Oscillatoriales;f__Phormidiaceae;g__;s__	1
Root;k__Bacteria;p__Cyanobacteria;c__Oscillatoriophycideae;o__Oscillatoriales;f__Phormidiaceae;g__Phormidium;s__	24
Root;k__Bacteria;p__Cyanobacteria;c__Synechococcophycideae;o__Pseudanabaenales;f__;g__;s__	5
Root;k__Bacteria;p__Cyanobacteria;c__Synechococcophycideae;o__Pseudanabaenales;f__Pseudanabaenaceae;g__;s__	6
Root;k__Bacteria;p__Cyanobacteria;c__Synechococcophycideae;o__Pseudanabaenales;f__Pseudanabaenaceae;g__Leptolyngbya;s__	59
Root;k__Bacteria;p__Cyanobacteria;c__Synechococcophycideae;o__Pseudanabaenales;f__Pseudanabaenaceae;g__Leptolyngbya;s__frigida	3
Root;k__Bacteria;p__Elusimicrobia;c__Elusimicrobia;o__Elusimicrobiales;f__;g__;s__	2
Root;k__Bacteria;p__Elusimicrobia;c__Elusimicrobia;o__FAC88;f__;g__;s__	5
Root;k__Bacteria;p__Elusimicrobia;c__Elusimicrobia;o__MVP-88;f__;g__;s__	1
Root;k__Bacteria;p__FBP;c__;o__;f__;g__;s__	3
Root;k__Bacteria;p__Fibrobacteres;c__Fibrobacteria;o__258ds10;f__;g__;s__	14
Root;k__Bacteria;p__Firmicutes;c__Bacilli;o__Bacillales;f__;g__;s__	47
Root;k__Bacteria;p__Firmicutes;c__Bacilli;o__Bacillales;f__Alicyclobacillaceae;g__Alicyclobacillus;s__	39
Root;k__Bacteria;p__Firmicutes;c__Bacilli;o__Bacillales;f__Alicyclobacillaceae;g__Alicyclobacillus;s__pomorum	1
Root;k__Bacteria;p__Firmicutes;c__Bacilli;o__Bacillales;f__Bacillaceae;g__;s__	31
Root;k__Bacteria;p__Firmicutes;c__Bacilli;o__Bacillales;f__Bacillaceae;g__Bacillus;s__	273
Root;k__Bacteria;p__Firmicutes;c__Bacilli;o__Bacillales;f__Bacillaceae;g__Bacillus;s__firmus	3
Root;k__Bacteria;p__Firmicutes;c__Bacilli;o__Bacillales;f__Bacillaceae;g__Bacillus;s__flexus	30
Root;k__Bacteria;p__Firmicutes;c__Bacilli;o__Bacillales;f__Bacillaceae;g__Bacillus;s__muralis	43
Root;k__Bacteria;p__Firmicutes;c__Bacilli;o__Bacillales;f__Bacillaceae;g__Bacillus;s__selenatarsenatis	7
Root;k__Bacteria;p__Firmicutes;c__Bacilli;o__Bacillales;f__Bacillaceae;g__Bacillus;s__thuringiensis	3
Root;k__Bacteria;p__Firmicutes;c__Bacilli;o__Bacillales;f__Bacillaceae;g__Geobacillus;s__	6
Root;k__Bacteria;p__Firmicutes;c__Bacilli;o__Bacillales;f__Bacillaceae;g__Marinibacillus;s__	3
Root;k__Bacteria;p__Firmicutes;c__Bacilli;o__Bacillales;f__Bacillaceae;g__Terribacillus;s__	1
Root;k__Bacteria;p__Firmicutes;c__Bacilli;o__Bacillales;f__Paenibacillaceae;g__;s__	21
Root;k__Bacteria;p__Firmicutes;c__Bacilli;o__Bacillales;f__Paenibacillaceae;g__Ammoniphilus;s__	1
Root;k__Bacteria;p__Firmicutes;c__Bacilli;o__Bacillales;f__Paenibacillaceae;g__Brevibacillus;s__reuszeri	2
Root;k__Bacteria;p__Firmicutes;c__Bacilli;o__Bacillales;f__Paenibacillaceae;g__Paenibacillus;s__	29
Root;k__Bacteria;p__Firmicutes;c__Bacilli;o__Bacillales;f__Paenibacillaceae;g__Paenibacillus;s__amylolyticus	3
Root;k__Bacteria;p__Firmicutes;c__Bacilli;o__Bacillales;f__Paenibacillaceae;g__Paenibacillus;s__chondroitinus	2
Root;k__Bacteria;p__Firmicutes;c__Bacilli;o__Bacillales;f__Paenibacillaceae;g__Paenibacillus;s__illinoisensis	2
Root;k__Bacteria;p__Firmicutes;c__Bacilli;o__Bacillales;f__Paenibacillaceae;g__Paenibacillus;s__stellifer	1
Root;k__Bacteria;p__Firmicutes;c__Bacilli;o__Bacillales;f__Planococcaceae;g__;s__	45
Root;k__Bacteria;p__Firmicutes;c__Bacilli;o__Bacillales;f__Planococcaceae;g__Lysinibacillus;s__	2
Root;k__Bacteria;p__Firmicutes;c__Bacilli;o__Bacillales;f__Planococcaceae;g__Lysinibacillus;s__boronitolerans	8
Root;k__Bacteria;p__Firmicutes;c__Bacilli;o__Bacillales;f__Planococcaceae;g__Paenisporosarcina;s__	1
Root;k__Bacteria;p__Firmicutes;c__Bacilli;o__Bacillales;f__Planococcaceae;g__Solibacillus;s__	1
Root;k__Bacteria;p__Firmicutes;c__Bacilli;o__Bacillales;f__Planococcaceae;g__Sporosarcina;s__	3
Root;k__Bacteria;p__Firmicutes;c__Bacilli;o__Bacillales;f__Planococcaceae;g__Sporosarcina;s__aquimarina	2
Root;k__Bacteria;p__Firmicutes;c__Bacilli;o__Bacillales;f__Planococcaceae;g__Ureibacillus;s__	7
Root;k__Bacteria;p__Firmicutes;c__Bacilli;o__Bacillales;f__Sporolactobacillaceae;g__Sporolactobacillus;s__	2
Root;k__Bacteria;p__Firmicutes;c__Bacilli;o__Bacillales;f__Staphylococcaceae;g__Staphylococcus;s__	18
Root;k__Bacteria;p__Firmicutes;c__Bacilli;o__Bacillales;f__Staphylococcaceae;g__Staphylococcus;s__epidermidis	2
Root;k__Bacteria;p__Firmicutes;c__Bacilli;o__Bacillales;f__Staphylococcaceae;g__Staphylococcus;s__succinus	3
Root;k__Bacteria;p__Firmicutes;c__Bacilli;o__Bacillales;f__Thermoactinomycetaceae;g__;s__	23
Root;k__Bacteria;p__Firmicutes;c__Bacilli;o__Bacillales;f__[Exiguobacteraceae];g__;s__	7
Root;k__Bacteria;p__Firmicutes;c__Bacilli;o__Lactobacillales;f__Lactobacillaceae;g__Lactobacillus;s__	1
Root;k__Bacteria;p__Firmicutes;c__Bacilli;o__Turicibacterales;f__Turicibacteraceae;g__Turicibacter;s__	7
Root;k__Bacteria;p__Firmicutes;c__Clostridia;o__;f__;g__;s__	4
Root;k__Bacteria;p__Firmicutes;c__Clostridia;o__Clostridiales;f__;g__;s__	4
Root;k__Bacteria;p__Firmicutes;c__Clostridia;o__Clostridiales;f__Caldicoprobacteraceae;g__Caldicoprobacter;s__	4
Root;k__Bacteria;p__Firmicutes;c__Clostridia;o__Clostridiales;f__Clostridiaceae;g__;s__	13
Root;k__Bacteria;p__Firmicutes;c__Clostridia;o__Clostridiales;f__Clostridiaceae;g__Alkaliphilus;s__	3
Root;k__Bacteria;p__Firmicutes;c__Clostridia;o__Clostridiales;f__Clostridiaceae;g__Clostridium;s__	46
Root;k__Bacteria;p__Firmicutes;c__Clostridia;o__Clostridiales;f__Clostridiaceae;g__Clostridium;s__butyricum	4
Root;k__Bacteria;p__Firmicutes;c__Clostridia;o__Clostridiales;f__Clostridiaceae;g__Clostridium;s__cellulovorans	1
Root;k__Bacteria;p__Firmicutes;c__Clostridia;o__Clostridiales;f__Clostridiaceae;g__Clostridium;s__hiranonis	2
Root;k__Bacteria;p__Firmicutes;c__Clostridia;o__Clostridiales;f__Clostridiaceae;g__Clostridium;s__ljungdahlii	2
Root;k__Bacteria;p__Firmicutes;c__Clostridia;o__Clostridiales;f__Clostridiaceae;g__Clostridium;s__perfringens	1
Root;k__Bacteria;p__Firmicutes;c__Clostridia;o__Clostridiales;f__Clostridiaceae;g__Sarcina;s__	1
Root;k__Bacteria;p__Firmicutes;c__Clostridia;o__Clostridiales;f__Eubacteriaceae;g__;s__	1
Root;k__Bacteria;p__Firmicutes;c__Clostridia;o__Clostridiales;f__Lachnospiraceae;g__Coprococcus;s__	9
Root;k__Bacteria;p__Firmicutes;c__Clostridia;o__Clostridiales;f__Peptococcaceae;g__Desulfotomaculum;s__	1
Root;k__Bacteria;p__Firmicutes;c__Clostridia;o__Clostridiales;f__Peptostreptococcaceae;g__;s__	4
Root;k__Bacteria;p__Firmicutes;c__Clostridia;o__Clostridiales;f__Ruminococcaceae;g__;s__	2
Root;k__Bacteria;p__Firmicutes;c__Clostridia;o__Clostridiales;f__Ruminococcaceae;g__Ruminococcus;s__	1
Root;k__Bacteria;p__Firmicutes;c__Clostridia;o__Clostridiales;f__Veillonellaceae;g__;s__	1
Root;k__Bacteria;p__Firmicutes;c__Clostridia;o__Clostridiales;f__Veillonellaceae;g__Megasphaera;s__	1
Root;k__Bacteria;p__Firmicutes;c__Clostridia;o__Halanaerobiales;f__Halanaerobiaceae;g__;s__	4
Root;k__Bacteria;p__Firmicutes;c__Clostridia;o__MBA08;f__;g__;s__	2
Root;k__Bacteria;p__Firmicutes;c__Clostridia;o__OPB54;f__;g__;s__	2
Root;k__Bacteria;p__GAL15;c__;o__;f__;g__;s__	8
Root;k__Bacteria;p__GN02;c__BD1-5;o__;f__;g__;s__	6
Root;k__Bacteria;p__GN02;c__GKS2-174;o__;f__;g__;s__	6
Root;k__Bacteria;p__GN04;c__MSB-5A5;o__;f__;g__;s__	1
Root;k__Bacteria;p__Gemmatimonadetes;c__;o__;f__;g__;s__	71
Root;k__Bacteria;p__Gemmatimonadetes;c__Gemm-1;o__;f__;g__;s__	626
Root;k__Bacteria;p__Gemmatimonadetes;c__Gemm-3;o__;f__;g__;s__	31
Root;k__Bacteria;p__Gemmatimonadetes;c__Gemm-5;o__;f__;g__;s__	44
Root;k__Bacteria;p__Gemmatimonadetes;c__Gemmatimonadetes;o__;f__;g__;s__	108
Root;k__Bacteria;p__Gemmatimonadetes;c__Gemmatimonadetes;o__C114;f__;g__;s__	21
Root;k__Bacteria;p__Gemmatimonadetes;c__Gemmatimonadetes;o__Ellin5290;f__;g__;s__	6
Root;k__Bacteria;p__Gemmatimonadetes;c__Gemmatimonadetes;o__Gemmatimonadales;f__;g__;s__	5
Root;k__Bacteria;p__Gemmatimonadetes;c__Gemmatimonadetes;o__Gemmatimonadales;f__Ellin5301;g__;s__	23
Root;k__Bacteria;p__Gemmatimonadetes;c__Gemmatimonadetes;o__Gemmatimonadales;f__Gemmatimonadaceae;g__Gemmatimonas;s__	15
Root;k__Bacteria;p__Gemmatimonadetes;c__Gemmatimonadetes;o__KD8-87;f__;g__;s__	31
Root;k__Bacteria;p__Gemmatimonadetes;c__Gemmatimonadetes;o__N1423WL;f__;g__;s__	54
Root;k__Bacteria;p__MVP-21;c__;o__;f__;g__;s__	1
Root;k__Bacteria;p__Nitrospirae;c__Nitrospira;o__Nitrospirales;f__0319-6A21;g__;s__	83
Root;k__Bacteria;p__Nitrospirae;c__Nitrospira;o__Nitrospirales;f__;g__;s__	10
Root;k__Bacteria;p__Nitrospirae;c__Nitrospira;o__Nitrospirales;f__Nitrospiraceae;g__;s__	4
Root;k__Bacteria;p__Nitrospirae;c__Nitrospira;o__Nitrospirales;f__Nitrospiraceae;g__Nitrospira;s__	591
Root;k__Bacteria;p__OD1;c__SM2F11;o__;f__;g__;s__	10
Root;k__Bacteria;p__OP11;c__;o__;f__;g__;s__	3
Root;k__Bacteria;p__OP11;c__OP11-3;o__;f__;g__;s__	4
Root;k__Bacteria;p__OP11;c__OP11-4;o__;f__;g__;s__	2
Root;k__Bacteria;p__Planctomycetes;c__;o__;f__;g__;s__	3
Root;k__Bacteria;p__Planctomycetes;c__BD7-11;o__;f__;g__;s__	3
Root;k__Bacteria;p__Planctomycetes;c__C6;o__MVS-107;f__;g__;s__	2
Root;k__Bacteria;p__Planctomycetes;c__C6;o__d113;f__;g__;s__	2
Root;k__Bacteria;p__Planctomycetes;c__OM190;o__;f__;g__;s__	13
Root;k__Bacteria;p__Planctomycetes;c__OM190;o__CL500-15;f__;g__;s__	14
Root;k__Bacteria;p__Planctomycetes;c__OM190;o__agg27;f__;g__;s__	1
Root;k__Bacteria;p__Planctomycetes;c__Phycisphaerae;o__CCM11a;f__;g__;s__	1
Root;k__Bacteria;p__Planctomycetes;c__Phycisphaerae;o__Phycisphaerales;f__;g__;s__	25
Root;k__Bacteria;p__Planctomycetes;c__Phycisphaerae;o__WD2101;f__;g__;s__	52
Root;k__Bacteria;p__Planctomycetes;c__Pla4;o__;f__;g__;s__	31
Root;k__Bacteria;p__Planctomycetes;c__Planctomycetia;o__B97;f__;g__;s__	1
Root;k__Bacteria;p__Planctomycetes;c__Planctomycetia;o__Gemmatales;f__Gemmataceae;g__;s__	32
Root;k__Bacteria;p__Planctomycetes;c__Planctomycetia;o__Gemmatales;f__Gemmataceae;g__Gemmata;s__	41
Root;k__Bacteria;p__Planctomycetes;c__Planctomycetia;o__Gemmatales;f__Isosphaeraceae;g__;s__	14
Root;k__Bacteria;p__Planctomycetes;c__Planctomycetia;o__Gemmatales;f__Isosphaeraceae;g__Singulisphaera;s__	1
Root;k__Bacteria;p__Planctomycetes;c__Planctomycetia;o__Pirellulales;f__Pirellulaceae;g__;s__	113
Root;k__Bacteria;p__Planctomycetes;c__Planctomycetia;o__Pirellulales;f__Pirellulaceae;g__A17;s__	21
Root;k__Bacteria;p__Planctomycetes;c__Planctomycetia;o__Pirellulales;f__Pirellulaceae;g__Pirellula;s__	50
Root;k__Bacteria;p__Planctomycetes;c__Planctomycetia;o__Planctomycetales;f__Planctomycetaceae;g__Planctomyces;s__	49
Root;k__Bacteria;p__Planctomycetes;c__vadinHA49;o__;f__;g__;s__	15
Root;k__Bacteria;p__Proteobacteria;c__;o__;f__;g__;s__	65
Root;k__Bacteria;p__Proteobacteria;c__Alphaproteobacteria;o__;f__;g__;s__	191
Root;k__Bacteria;p__Proteobacteria;c__Alphaproteobacteria;o__BD7-3;f__;g__;s__	15
Root;k__Bacteria;p__Proteobacteria;c__Alphaproteobacteria;o__Caulobacterales;f__;g__;s__	92
Root;k__Bacteria;p__Proteobacteria;c__Alphaproteobacteria;o__Caulobacterales;f__Caulobacteraceae;g__;s__	160
Root;k__Bacteria;p__Proteobacteria;c__Alphaproteobacteria;o__Caulobacterales;f__Caulobacteraceae;g__Arthrospira;s__	31
Root;k__Bacteria;p__Proteobacteria;c__Alphaproteobacteria;o__Caulobacterales;f__Caulobacteraceae;g__Asticcacaulis;s__biprosthecium	3
Root;k__Bacteria;p__Proteobacteria;c__Alphaproteobacteria;o__Caulobacterales;f__Caulobacteraceae;g__Caulobacter;s__	56
Root;k__Bacteria;p__Proteobacteria;c__Alphaproteobacteria;o__Caulobacterales;f__Caulobacteraceae;g__Mycoplana;s__	77
Root;k__Bacteria;p__Proteobacteria;c__Alphaproteobacteria;o__Caulobacterales;f__Caulobacteraceae;g__Phenylobacterium;s__	320
Root;k__Bacteria;p__Proteobacteria;c__Alphaproteobacteria;o__Ellin329;f__;g__;s__	122
Root;k__Bacteria;p__Proteobacteria;c__Alphaproteobacteria;o__Rhizobiales;f__;g__;s__	934
Root;k__Bacteria;p__Proteobacteria;c__Alphaproteobacteria;o__Rhizobiales;f__Aurantimonadaceae;g__;s__	15
Root;k__Bacteria;p__Proteobacteria;c__Alphaproteobacteria;o__Rhizobiales;f__Aurantimonadaceae;g__Fulvimarina;s__	2
Root;k__Bacteria;p__Proteobacteria;c__Alphaproteobacteria;o__Rhizobiales;f__Beijerinckiaceae;g__;s__	87
Root;k__Bacteria;p__Proteobacteria;c__Alphaproteobacteria;o__Rhizobiales;f__Bradyrhizobiaceae;g__;s__	836
Root;k__Bacteria;p__Proteobacteria;c__Alphaproteobacteria;o__Rhizobiales;f__Bradyrhizobiaceae;g__Afipia;s__	1
Root;k__Bacteria;p__Proteobacteria;c__Alphaproteobacteria;o__Rhizobiales;f__Bradyrhizobiaceae;g__Afipia;s__felis	7
Root;k__Bacteria;p__Proteobacteria;c__Alphaproteobacteria;o__Rhizobiales;f__Bradyrhizobiaceae;g__Balneimonas;s__	1075
Root;k__Bacteria;p__Proteobacteria;c__Alphaproteobacteria;o__Rhizobiales;f__Bradyrhizobiaceae;g__Bosea;s__genosp.	20
Root;k__Bacteria;p__Proteobacteria;c__Alphaproteobacteria;o__Rhizobiales;f__Bradyrhizobiaceae;g__Bradyrhizobium;s__	153
Root;k__Bacteria;p__Proteobacteria;c__Alphaproteobacteria;o__Rhizobiales;f__Bradyrhizobiaceae;g__Bradyrhizobium;s__elkanii	49
Root;k__Bacteria;p__Proteobacteria;c__Alphaproteobacteria;o__Rhizobiales;f__Bradyrhizobiaceae;g__Nitrobacter;s__	2
Root;k__Bacteria;p__Proteobacteria;c__Alphaproteobacteria;o__Rhizobiales;f__Brucellaceae;g__;s__	113
Root;k__Bacteria;p__Proteobacteria;c__Alphaproteobacteria;o__Rhizobiales;f__Hyphomicrobiaceae;g__;s__	704
Root;k__Bacteria;p__Proteobacteria;c__Alphaproteobacteria;o__Rhizobiales;f__Hyphomicrobiaceae;g__Devosia;s__	273
Root;k__Bacteria;p__Proteobacteria;c__Alphaproteobacteria;o__Rhizobiales;f__Hyphomicrobiaceae;g__Hyphomicrobium;s__	636
Root;k__Bacteria;p__Proteobacteria;c__Alphaproteobacteria;o__Rhizobiales;f__Hyphomicrobiaceae;g__Hyphomicrobium;s__sulfonivorans	1
Root;k__Bacteria;p__Proteobacteria;c__Alphaproteobacteria;o__Rhizobiales;f__Hyphomicrobiaceae;g__Hyphomicrobium;s__zavarzinii	93
Root;k__Bacteria;p__Proteobacteria;c__Alphaproteobacteria;o__Rhizobiales;f__Hyphomicrobiaceae;g__Parvibaculum;s__	1
Root;k__Bacteria;p__Proteobacteria;c__Alphaproteobacteria;o__Rhizobiales;f__Hyphomicrobiaceae;g__Pedomicrobium;s__	269
Root;k__Bacteria;p__Proteobacteria;c__Alphaproteobacteria;o__Rhizobiales;f__Hyphomicrobiaceae;g__Pedomicrobium;s__australicum	2
Root;k__Bacteria;p__Proteobacteria;c__Alphaproteobacteria;o__Rhizobiales;f__Hyphomicrobiaceae;g__Rhodoplanes;s__	1287
Root;k__Bacteria;p__Proteobacteria;c__Alphaproteobacteria;o__Rhizobiales;f__Methylobacteriaceae;g__;s__	27
Root;k__Bacteria;p__Proteobacteria;c__Alphaproteobacteria;o__Rhizobiales;f__Methylobacteriaceae;g__Methylobacterium;s__	24
Root;k__Bacteria;p__Proteobacteria;c__Alphaproteobacteria;o__Rhizobiales;f__Methylobacteriaceae;g__Methylobacterium;s__hispanicum	1
Root;k__Bacteria;p__Proteobacteria;c__Alphaproteobacteria;o__Rhizobiales;f__Methylobacteriaceae;g__Methylobacterium;s__komagatae	3
Root;k__Bacteria;p__Proteobacteria;c__Alphaproteobacteria;o__Rhizobiales;f__Methylobacteriaceae;g__Methylobacterium;s__organophilum	2
Root;k__Bacteria;p__Proteobacteria;c__Alphaproteobacteria;o__Rhizobiales;f__Methylocystaceae;g__;s__	33
Root;k__Bacteria;p__Proteobacteria;c__Alphaproteobacteria;o__Rhizobiales;f__Methylocystaceae;g__Methylopila;s__	4
Root;k__Bacteria;p__Proteobacteria;c__Alphaproteobacteria;o__Rhizobiales;f__Methylocystaceae;g__Methylosinus;s__	5
Root;k__Bacteria;p__Proteobacteria;c__Alphaproteobacteria;o__Rhizobiales;f__Methylocystaceae;g__Methylosinus;s__sporium	1
Root;k__Bacteria;p__Proteobacteria;c__Alphaproteobacteria;o__Rhizobiales;f__Methylocystaceae;g__Pleomorphomonas;s__	2
Root;k__Bacteria;p__Proteobacteria;c__Alphaproteobacteria;o__Rhizobiales;f__Phyllobacteriaceae;g__;s__	28
Root;k__Bacteria;p__Proteobacteria;c__Alphaproteobacteria;o__Rhizobiales;f__Phyllobacteriaceae;g__Aminobacter;s__	8
Root;k__Bacteria;p__Proteobacteria;c__Alphaproteobacteria;o__Rhizobiales;f__Phyllobacteriaceae;g__Hoeflea;s__marina	8
Root;k__Bacteria;p__Proteobacteria;c__Alphaproteobacteria;o__Rhizobiales;f__Phyllobacteriaceae;g__Mesorhizobium;s__	79
Root;k__Bacteria;p__Proteobacteria;c__Alphaproteobacteria;o__Rhizobiales;f__Phyllobacteriaceae;g__Nitratireductor;s__pacificus	1
Root;k__Bacteria;p__Proteobacteria;c__Alphaproteobacteria;o__Rhizobiales;f__Phyllobacteriaceae;g__Phyllobacterium;s__	14
Root;k__Bacteria;p__Proteobacteria;c__Alphaproteobacteria;o__Rhizobiales;f__Rhizobiaceae;g__;s__	237
Root;k__Bacteria;p__Proteobacteria;c__Alphaproteobacteria;o__Rhizobiales;f__Rhizobiaceae;g__Agrobacterium;s__	112
Root;k__Bacteria;p__Proteobacteria;c__Alphaproteobacteria;o__Rhizobiales;f__Rhizobiaceae;g__Agrobacterium;s__sullae	1
Root;k__Bacteria;p__Proteobacteria;c__Alphaproteobacteria;o__Rhizobiales;f__Rhizobiaceae;g__Rhizobium;s__	11
Root;k__Bacteria;p__Proteobacteria;c__Alphaproteobacteria;o__Rhizobiales;f__Rhizobiaceae;g__Sinorhizobium;s__	3
Root;k__Bacteria;p__Proteobacteria;c__Alphaproteobacteria;o__Rhizobiales;f__Rhodobiaceae;g__;s__	2
Root;k__Bacteria;p__Proteobacteria;c__Alphaproteobacteria;o__Rhizobiales;f__Rhodobiaceae;g__Afifella;s__	84
Root;k__Bacteria;p__Proteobacteria;c__Alphaproteobacteria;o__Rhizobiales;f__Xanthobacteraceae;g__;s__	69
Root;k__Bacteria;p__Proteobacteria;c__Alphaproteobacteria;o__Rhizobiales;f__Xanthobacteraceae;g__Labrys;s__	19
Root;k__Bacteria;p__Proteobacteria;c__Alphaproteobacteria;o__Rhodobacterales;f__Hyphomonadaceae;g__;s__	16
Root;k__Bacteria;p__Proteobacteria;c__Alphaproteobacteria;o__Rhodobacterales;f__Rhodobacteraceae;g__;s__	217
Root;k__Bacteria;p__Proteobacteria;c__Alphaproteobacteria;o__Rhodobacterales;f__Rhodobacteraceae;g__Amaricoccus;s__	37
Root;k__Bacteria;p__Proteobacteria;c__Alphaproteobacteria;o__Rhodobacterales;f__Rhodobacteraceae;g__Paracoccus;s__	21
Root;k__Bacteria;p__Proteobacteria;c__Alphaproteobacteria;o__Rhodobacterales;f__Rhodobacteraceae;g__Paracoccus;s__aminovorans	3
Root;k__Bacteria;p__Proteobacteria;c__Alphaproteobacteria;o__Rhodobacterales;f__Rhodobacteraceae;g__Paracoccus;s__marcusii	1
Root;k__Bacteria;p__Proteobacteria;c__Alphaproteobacteria;o__Rhodobacterales;f__Rhodobacteraceae;g__Rhodobacter;s__	42
Root;k__Bacteria;p__Proteobacteria;c__Alphaproteobacteria;o__Rhodobacterales;f__Rhodobacteraceae;g__Rubellimicrobium;s__	210
Root;k__Bacteria;p__Proteobacteria;c__Alphaproteobacteria;o__Rhodospirillales;f__;g__;s__	45
Root;k__Bacteria;p__Proteobacteria;c__Alphaproteobacteria;o__Rhodospirillales;f__Acetobacteraceae;g__;s__	50
Root;k__Bacteria;p__Proteobacteria;c__Alphaproteobacteria;o__Rhodospirillales;f__Acetobacteraceae;g__Belnapia;s__moabensis	1
Root;k__Bacteria;p__Proteobacteria;c__Alphaproteobacteria;o__Rhodospirillales;f__Rhodospirillaceae;g__;s__	1254
Root;k__Bacteria;p__Proteobacteria;c__Alphaproteobacteria;o__Rhodospirillales;f__Rhodospirillaceae;g__Azospirillum;s__	10
Root;k__Bacteria;p__Proteobacteria;c__Alphaproteobacteria;o__Rhodospirillales;f__Rhodospirillaceae;g__Azospirillum;s__brasilense	7
Root;k__Bacteria;p__Proteobacteria;c__Alphaproteobacteria;o__Rhodospirillales;f__Rhodospirillaceae;g__Inquilinus;s__	2
Root;k__Bacteria;p__Proteobacteria;c__Alphaproteobacteria;o__Rhodospirillales;f__Rhodospirillaceae;g__Magnetospirillum;s__	5
Root;k__Bacteria;p__Proteobacteria;c__Alphaproteobacteria;o__Rhodospirillales;f__Rhodospirillaceae;g__Phaeospirillum;s__fulvum	3
Root;k__Bacteria;p__Proteobacteria;c__Alphaproteobacteria;o__Rhodospirillales;f__Rhodospirillaceae;g__Rhodospirillum;s__rubrum	1
Root;k__Bacteria;p__Proteobacteria;c__Alphaproteobacteria;o__Rhodospirillales;f__Rhodospirillaceae;g__Skermanella;s__	475
Root;k__Bacteria;p__Proteobacteria;c__Alphaproteobacteria;o__Rhodospirillales;f__Rhodospirillaceae;g__Telmatospirillum;s__	1
Root;k__Bacteria;p__Proteobacteria;c__Alphaproteobacteria;o__Rickettsiales;f__;g__;s__	3
Root;k__Bacteria;p__Proteobacteria;c__Alphaproteobacteria;o__Rickettsiales;f__Pelagibacteraceae;g__;s__	17
Root;k__Bacteria;p__Proteobacteria;c__Alphaproteobacteria;o__Rickettsiales;f__mitochondria;g__Anomodon;s__rugelii	4
Root;k__Bacteria;p__Proteobacteria;c__Alphaproteobacteria;o__Rickettsiales;f__mitochondria;g__Arabidopsis;s__thaliana	1
Root;k__Bacteria;p__Proteobacteria;c__Alphaproteobacteria;o__Rickettsiales;f__mitochondria;g__Citrullus;s__lanatus	1
Root;k__Bacteria;p__Proteobacteria;c__Alphaproteobacteria;o__Rickettsiales;f__mitochondria;g__Pythium;s__ultimum	1
Root;k__Bacteria;p__Proteobacteria;c__Alphaproteobacteria;o__Sphingomonadales;f__;g__;s__	105
Root;k__Bacteria;p__Proteobacteria;c__Alphaproteobacteria;o__Sphingomonadales;f__Erythrobacteraceae;g__;s__	341
Root;k__Bacteria;p__Proteobacteria;c__Alphaproteobacteria;o__Sphingomonadales;f__Erythrobacteraceae;g__Erythrobacter;s__	4
Root;k__Bacteria;p__Proteobacteria;c__Alphaproteobacteria;o__Sphingomonadales;f__Erythrobacteraceae;g__Erythromicrobium;s__ramosum	31
Root;k__Bacteria;p__Proteobacteria;c__Alphaproteobacteria;o__Sphingomonadales;f__Erythrobacteraceae;g__Lutibacterium;s__	1
Root;k__Bacteria;p__Proteobacteria;c__Alphaproteobacteria;o__Sphingomonadales;f__Sphingomonadaceae;g__;s__	189
Root;k__Bacteria;p__Proteobacteria;c__Alphaproteobacteria;o__Sphingomonadales;f__Sphingomonadaceae;g__Blastomonas;s__natatoria	7
Root;k__Bacteria;p__Proteobacteria;c__Alphaproteobacteria;o__Sphingomonadales;f__Sphingomonadaceae;g__Kaistobacter;s__	196
Root;k__Bacteria;p__Proteobacteria;c__Alphaproteobacteria;o__Sphingomonadales;f__Sphingomonadaceae;g__Novosphingobium;s__	32
Root;k__Bacteria;p__Proteobacteria;c__Alphaproteobacteria;o__Sphingomonadales;f__Sphingomonadaceae;g__Novosphingobium;s__capsulatum	1
Root;k__Bacteria;p__Proteobacteria;c__Alphaproteobacteria;o__Sphingomonadales;f__Sphingomonadaceae;g__Sphingobium;s__	31
Root;k__Bacteria;p__Proteobacteria;c__Alphaproteobacteria;o__Sphingomonadales;f__Sphingomonadaceae;g__Sphingomonas;s__	76
Root;k__Bacteria;p__Proteobacteria;c__Alphaproteobacteria;o__Sphingomonadales;f__Sphingomonadaceae;g__Sphingomonas;s__azotifigens	1
Root;k__Bacteria;p__Proteobacteria;c__Alphaproteobacteria;o__Sphingomonadales;f__Sphingomonadaceae;g__Sphingomonas;s__changbaiensis	6
Root;k__Bacteria;p__Proteobacteria;c__Alphaproteobacteria;o__Sphingomonadales;f__Sphingomonadaceae;g__Sphingomonas;s__wittichii	3
Root;k__Bacteria;p__Proteobacteria;c__Alphaproteobacteria;o__Sphingomonadales;f__Sphingomonadaceae;g__Sphingopyxis;s__	88
Root;k__Bacteria;p__Proteobacteria;c__Alphaproteobacteria;o__Sphingomonadales;f__Sphingomonadaceae;g__Sphingopyxis;s__alaskensis	54
Root;k__Bacteria;p__Proteobacteria;c__Alphaproteobacteria;o__Sphingomonadales;f__Sphingomonadaceae;g__Sphingosinicella;s__microcystinivorans	1
Root;k__Bacteria;p__Proteobacteria;c__Betaproteobacteria;o__;f__;g__;s__	971
Root;k__Bacteria;p__Proteobacteria;c__Betaproteobacteria;o__A21b;f__EB1003;g__;s__	11
Root;k__Bacteria;p__Proteobacteria;c__Betaproteobacteria;o__A21b;f__UD5;g__;s__	31
Root;k__Bacteria;p__Proteobacteria;c__Betaproteobacteria;o__ASSO-13;f__;g__;s__	3
Root;k__Bacteria;p__Proteobacteria;c__Betaproteobacteria;o__Burkholderiales;f__;g__;s__	194
Root;k__Bacteria;p__Proteobacteria;c__Betaproteobacteria;o__Burkholderiales;f__Alcaligenaceae;g__;s__	237
Root;k__Bacteria;p__Proteobacteria;c__Betaproteobacteria;o__Burkholderiales;f__Alcaligenaceae;g__Achromobacter;s__	3
Root;k__Bacteria;p__Proteobacteria;c__Betaproteobacteria;o__Burkholderiales;f__Burkholderiaceae;g__;s__	184
Root;k__Bacteria;p__Proteobacteria;c__Betaproteobacteria;o__Burkholderiales;f__Burkholderiaceae;g__Burkholderia;s__	13
Root;k__Bacteria;p__Proteobacteria;c__Betaproteobacteria;o__Burkholderiales;f__Burkholderiaceae;g__Lautropia;s__	1
Root;k__Bacteria;p__Proteobacteria;c__Betaproteobacteria;o__Burkholderiales;f__Burkholderiaceae;g__Salinispora;s__	3
Root;k__Bacteria;p__Proteobacteria;c__Betaproteobacteria;o__Burkholderiales;f__Comamonadaceae;g__;s__	2101
Root;k__Bacteria;p__Proteobacteria;c__Betaproteobacteria;o__Burkholderiales;f__Comamonadaceae;g__Acidovorax;s__	34
Root;k__Bacteria;p__Proteobacteria;c__Betaproteobacteria;o__Burkholderiales;f__Comamonadaceae;g__Alicycliphilus;s__	3
Root;k__Bacteria;p__Proteobacteria;c__Betaproteobacteria;o__Burkholderiales;f__Comamonadaceae;g__Comamonas;s__	1
Root;k__Bacteria;p__Proteobacteria;c__Betaproteobacteria;o__Burkholderiales;f__Comamonadaceae;g__Giesbergeria;s__	1
Root;k__Bacteria;p__Proteobacteria;c__Betaproteobacteria;o__Burkholderiales;f__Comamonadaceae;g__Hydrogenophaga;s__	141
Root;k__Bacteria;p__Proteobacteria;c__Betaproteobacteria;o__Burkholderiales;f__Comamonadaceae;g__Leptothrix;s__	2
Root;k__Bacteria;p__Proteobacteria;c__Betaproteobacteria;o__Burkholderiales;f__Comamonadaceae;g__Limnohabitans;s__	95
Root;k__Bacteria;p__Proteobacteria;c__Betaproteobacteria;o__Burkholderiales;f__Comamonadaceae;g__Methylibium;s__	274
Root;k__Bacteria;p__Proteobacteria;c__Betaproteobacteria;o__Burkholderiales;f__Comamonadaceae;g__Paucibacter;s__	4
Root;k__Bacteria;p__Proteobacteria;c__Betaproteobacteria;o__Burkholderiales;f__Comamonadaceae;g__Polaromonas;s__	177
Root;k__Bacteria;p__Proteobacteria;c__Betaproteobacteria;o__Burkholderiales;f__Comamonadaceae;g__Ramlibacter;s__	215
Root;k__Bacteria;p__Proteobacteria;c__Betaproteobacteria;o__Burkholderiales;f__Comamonadaceae;g__Rhodoferax;s__	20
Root;k__Bacteria;p__Proteobacteria;c__Betaproteobacteria;o__Burkholderiales;f__Comamonadaceae;g__Roseateles;s__depolymerans	3
Root;k__Bacteria;p__Proteobacteria;c__Betaproteobacteria;o__Burkholderiales;f__Comamonadaceae;g__Rubrivivax;s__	187
Root;k__Bacteria;p__Proteobacteria;c__Betaproteobacteria;o__Burkholderiales;f__Comamonadaceae;g__Rubrivivax;s__gelatinosus	7
Root;k__Bacteria;p__Proteobacteria;c__Betaproteobacteria;o__Burkholderiales;f__Comamonadaceae;g__Schlegelella;s__	1
Root;k__Bacteria;p__Proteobacteria;c__Betaproteobacteria;o__Burkholderiales;f__Comamonadaceae;g__Variovorax;s__	1
Root;k__Bacteria;p__Proteobacteria;c__Betaproteobacteria;o__Burkholderiales;f__Comamonadaceae;g__Variovorax;s__paradoxus	5
Root;k__Bacteria;p__Proteobacteria;c__Betaproteobacteria;o__Burkholderiales;f__Comamonadaceae;g__Xylophilus;s__ampelinus	1
Root;k__Bacteria;p__Proteobacteria;c__Betaproteobacteria;o__Burkholderiales;f__Oxalobacteraceae;g__;s__	658
Root;k__Bacteria;p__Proteobacteria;c__Betaproteobacteria;o__Burkholderiales;f__Oxalobacteraceae;g__Cupriavidus;s__	1
Root;k__Bacteria;p__Proteobacteria;c__Betaproteobacteria;o__Burkholderiales;f__Oxalobacteraceae;g__Herminiimonas;s__	2
Root;k__Bacteria;p__Proteobacteria;c__Betaproteobacteria;o__Burkholderiales;f__Oxalobacteraceae;g__Janthinobacterium;s__	973
Root;k__Bacteria;p__Proteobacteria;c__Betaproteobacteria;o__Burkholderiales;f__Oxalobacteraceae;g__Janthinobacterium;s__lividum	103
Root;k__Bacteria;p__Proteobacteria;c__Betaproteobacteria;o__Burkholderiales;f__Oxalobacteraceae;g__Ralstonia;s__	8
Root;k__Bacteria;p__Proteobacteria;c__Betaproteobacteria;o__Ellin6067;f__;g__;s__	1052
Root;k__Bacteria;p__Proteobacteria;c__Betaproteobacteria;o__Gallionellales;f__Gallionellaceae;g__Gallionella;s__	4
Root;k__Bacteria;p__Proteobacteria;c__Betaproteobacteria;o__Hydrogenophilales;f__Hydrogenophilaceae;g__Thiobacillus;s__	5
Root;k__Bacteria;p__Proteobacteria;c__Betaproteobacteria;o__IS-44;f__;g__;s__	220
Root;k__Bacteria;p__Proteobacteria;c__Betaproteobacteria;o__MKC10;f__;g__;s__	115
Root;k__Bacteria;p__Proteobacteria;c__Betaproteobacteria;o__MND1;f__;g__;s__	1446
Root;k__Bacteria;p__Proteobacteria;c__Betaproteobacteria;o__Methylophilales;f__;g__;s__	24
Root;k__Bacteria;p__Proteobacteria;c__Betaproteobacteria;o__Methylophilales;f__Methylophilaceae;g__;s__	69
Root;k__Bacteria;p__Proteobacteria;c__Betaproteobacteria;o__Methylophilales;f__Methylophilaceae;g__Methylotenera;s__mobilis	62
Root;k__Bacteria;p__Proteobacteria;c__Betaproteobacteria;o__Neisseriales;f__Neisseriaceae;g__;s__	6
Root;k__Bacteria;p__Proteobacteria;c__Betaproteobacteria;o__Neisseriales;f__Neisseriaceae;g__Vogesella;s__	1
Root;k__Bacteria;p__Proteobacteria;c__Betaproteobacteria;o__Nitrosomonadales;f__Nitrosomonadaceae;g__;s__	21
Root;k__Bacteria;p__Proteobacteria;c__Betaproteobacteria;o__Nitrosomonadales;f__Nitrosomonadaceae;g__Nitrosovibrio;s__tenuis	6
Root;k__Bacteria;p__Proteobacteria;c__Betaproteobacteria;o__Rhodocyclales;f__Rhodocyclaceae;g__;s__	212
Root;k__Bacteria;p__Proteobacteria;c__Betaproteobacteria;o__Rhodocyclales;f__Rhodocyclaceae;g__Azoarcus;s__	36
Root;k__Bacteria;p__Proteobacteria;c__Betaproteobacteria;o__Rhodocyclales;f__Rhodocyclaceae;g__Azospira;s__	1
Root;k__Bacteria;p__Proteobacteria;c__Betaproteobacteria;o__Rhodocyclales;f__Rhodocyclaceae;g__Dechloromonas;s__	19
Root;k__Bacteria;p__Proteobacteria;c__Betaproteobacteria;o__Rhodocyclales;f__Rhodocyclaceae;g__Dok59;s__	20
Root;k__Bacteria;p__Proteobacteria;c__Betaproteobacteria;o__Rhodocyclales;f__Rhodocyclaceae;g__KD1-23;s__	2
Root;k__Bacteria;p__Proteobacteria;c__Betaproteobacteria;o__Rhodocyclales;f__Rhodocyclaceae;g__Methyloversatilis;s__	11
Root;k__Bacteria;p__Proteobacteria;c__Betaproteobacteria;o__Rhodocyclales;f__Rhodocyclaceae;g__Rhodocyclus;s__	7
Root;k__Bacteria;p__Proteobacteria;c__Betaproteobacteria;o__Rhodocyclales;f__Rhodocyclaceae;g__Sulfuritalea;s__	1
Root;k__Bacteria;p__Proteobacteria;c__Betaproteobacteria;o__Rhodocyclales;f__Rhodocyclaceae;g__Thauera;s__	98
Root;k__Bacteria;p__Proteobacteria;c__Betaproteobacteria;o__Rhodocyclales;f__Rhodocyclaceae;g__Zoogloea;s__	38
Root;k__Bacteria;p__Proteobacteria;c__Betaproteobacteria;o__SBla14;f__;g__;s__	1
Root;k__Bacteria;p__Proteobacteria;c__Betaproteobacteria;o__SC-I-84;f__;g__;s__	557
Root;k__Bacteria;p__Proteobacteria;c__Betaproteobacteria;o__Thiobacterales;f__;g__;s__	6
Root;k__Bacteria;p__Proteobacteria;c__Deltaproteobacteria;o__;f__;g__;s__	6
Root;k__Bacteria;p__Proteobacteria;c__Deltaproteobacteria;o__Bdellovibrionales;f__Bacteriovoracaceae;g__;s__	16
Root;k__Bacteria;p__Proteobacteria;c__Deltaproteobacteria;o__Bdellovibrionales;f__Bdellovibrionaceae;g__Bdellovibrio;s__	3
Root;k__Bacteria;p__Proteobacteria;c__Deltaproteobacteria;o__Bdellovibrionales;f__Bdellovibrionaceae;g__Bdellovibrio;s__bacteriovorus	1
Root;k__Bacteria;p__Proteobacteria;c__Deltaproteobacteria;o__Desulfuromonadales;f__Desulfuromonadaceae;g__;s__	2
Root;k__Bacteria;p__Proteobacteria;c__Deltaproteobacteria;o__Desulfuromonadales;f__Geobacteraceae;g__;s__	5
Root;k__Bacteria;p__Proteobacteria;c__Deltaproteobacteria;o__Desulfuromonadales;f__Geobacteraceae;g__Geobacter;s__	11
Root;k__Bacteria;p__Proteobacteria;c__Deltaproteobacteria;o__FAC87;f__;g__;s__	1
Root;k__Bacteria;p__Proteobacteria;c__Deltaproteobacteria;o__MIZ46;f__;g__;s__	44
Root;k__Bacteria;p__Proteobacteria;c__Deltaproteobacteria;o__Myxococcales;f__;g__;s__	478
Root;k__Bacteria;p__Proteobacteria;c__Deltaproteobacteria;o__Myxococcales;f__Cystobacteraceae;g__Cystobacter;s__	91
Root;k__Bacteria;p__Proteobacteria;c__Deltaproteobacteria;o__Myxococcales;f__Cystobacterineae;g__;s__	1
Root;k__Bacteria;p__Proteobacteria;c__Deltaproteobacteria;o__Myxococcales;f__Haliangiaceae;g__;s__	98
Root;k__Bacteria;p__Proteobacteria;c__Deltaproteobacteria;o__Myxococcales;f__Haliangiaceae;g__Haliangium;s__	14
Root;k__Bacteria;p__Proteobacteria;c__Deltaproteobacteria;o__Myxococcales;f__Myxococcaceae;g__Anaeromyxobacter;s__	13
Root;k__Bacteria;p__Proteobacteria;c__Deltaproteobacteria;o__Myxococcales;f__Myxococcaceae;g__Corallococcus;s__exiguus	10
Root;k__Bacteria;p__Proteobacteria;c__Deltaproteobacteria;o__Myxococcales;f__Myxococcaceae;g__Myxococcus;s__	46
Root;k__Bacteria;p__Proteobacteria;c__Deltaproteobacteria;o__Myxococcales;f__Nannocystaceae;g__Plesiocystis;s__	28
Root;k__Bacteria;p__Proteobacteria;c__Deltaproteobacteria;o__Myxococcales;f__OM27;g__;s__	13
Root;k__Bacteria;p__Proteobacteria;c__Deltaproteobacteria;o__Myxococcales;f__Polyangiaceae;g__;s__	38
Root;k__Bacteria;p__Proteobacteria;c__Deltaproteobacteria;o__Myxococcales;f__Polyangiaceae;g__Aetherobacter;s__fasciculatus	7
Root;k__Bacteria;p__Proteobacteria;c__Deltaproteobacteria;o__Myxococcales;f__Polyangiaceae;g__Phaselicystis;s__flava	5
Root;k__Bacteria;p__Proteobacteria;c__Deltaproteobacteria;o__Myxococcales;f__Polyangiaceae;g__Polyangium;s__fumosum	7
Root;k__Bacteria;p__Proteobacteria;c__Deltaproteobacteria;o__Myxococcales;f__Polyangiaceae;g__Sorangium;s__cellulosum	40
Root;k__Bacteria;p__Proteobacteria;c__Deltaproteobacteria;o__NB1-j;f__;g__;s__	22
Root;k__Bacteria;p__Proteobacteria;c__Deltaproteobacteria;o__NB1-j;f__NB1-i;g__;s__	10
Root;k__Bacteria;p__Proteobacteria;c__Deltaproteobacteria;o__Spirobacillales;f__;g__;s__	7
Root;k__Bacteria;p__Proteobacteria;c__Deltaproteobacteria;o__Syntrophobacterales;f__Syntrophobacteraceae;g__;s__	126
Root;k__Bacteria;p__Proteobacteria;c__Deltaproteobacteria;o__[Entotheonellales];f__[Entotheonellaceae];g__;s__	2
Root;k__Bacteria;p__Proteobacteria;c__Deltaproteobacteria;o__[Entotheonellales];f__[Entotheonellaceae];g__CandidatusEntotheonella;s__	2
Root;k__Bacteria;p__Proteobacteria;c__Gammaproteobacteria;o__;f__;g__;s__	60
Root;k__Bacteria;p__Proteobacteria;c__Gammaproteobacteria;o__Aeromonadales;f__Aeromonadaceae;g__;s__	2
Root;k__Bacteria;p__Proteobacteria;c__Gammaproteobacteria;o__Alteromonadales;f__125ds10;g__;s__	3
Root;k__Bacteria;p__Proteobacteria;c__Gammaproteobacteria;o__Alteromonadales;f__211ds20;g__;s__	13
Root;k__Bacteria;p__Proteobacteria;c__Gammaproteobacteria;o__Alteromonadales;f__Alteromonadaceae;g__Cellvibrio;s__	4
Root;k__Bacteria;p__Proteobacteria;c__Gammaproteobacteria;o__Alteromonadales;f__Alteromonadaceae;g__HB2-32-21;s__	1
Root;k__Bacteria;p__Proteobacteria;c__Gammaproteobacteria;o__Alteromonadales;f__Idiomarinaceae;g__;s__	5
Root;k__Bacteria;p__Proteobacteria;c__Gammaproteobacteria;o__Alteromonadales;f__OM60;g__;s__	38
Root;k__Bacteria;p__Proteobacteria;c__Gammaproteobacteria;o__Alteromonadales;f__OM60;g__Congregibacter;s__	3
Root;k__Bacteria;p__Proteobacteria;c__Gammaproteobacteria;o__Alteromonadales;f__Shewanellaceae;g__Shewanella;s__	59
Root;k__Bacteria;p__Proteobacteria;c__Gammaproteobacteria;o__Chromatiales;f__;g__;s__	1
Root;k__Bacteria;p__Proteobacteria;c__Gammaproteobacteria;o__Enterobacteriales;f__Enterobacteriaceae;g__;s__	22
Root;k__Bacteria;p__Proteobacteria;c__Gammaproteobacteria;o__HTCC2188;f__HTCC2089;g__;s__	18
Root;k__Bacteria;p__Proteobacteria;c__Gammaproteobacteria;o__Legionellales;f__;g__;s__	2
Root;k__Bacteria;p__Proteobacteria;c__Gammaproteobacteria;o__Legionellales;f__Coxiellaceae;g__;s__	10
Root;k__Bacteria;p__Proteobacteria;c__Gammaproteobacteria;o__Legionellales;f__Coxiellaceae;g__Aquicella;s__	1
Root;k__Bacteria;p__Proteobacteria;c__Gammaproteobacteria;o__Legionellales;f__Legionellaceae;g__;s__	2
Root;k__Bacteria;p__Proteobacteria;c__Gammaproteobacteria;o__Legionellales;f__Legionellaceae;g__Legionella;s__	1
Root;k__Bacteria;p__Proteobacteria;c__Gammaproteobacteria;o__Legionellales;f__Legionellaceae;g__Tatlockia;s__	2
Root;k__Bacteria;p__Proteobacteria;c__Gammaproteobacteria;o__Methylococcales;f__Crenotrichaceae;g__Crenothrix;s__	1
Root;k__Bacteria;p__Proteobacteria;c__Gammaproteobacteria;o__Oceanospirillales;f__Alcanivoracaceae;g__Alcanivorax;s__	13
Root;k__Bacteria;p__Proteobacteria;c__Gammaproteobacteria;o__Oceanospirillales;f__Halomonadaceae;g__CandidatusPortiera;s__	11
Root;k__Bacteria;p__Proteobacteria;c__Gammaproteobacteria;o__PYR10d3;f__;g__;s__	2
Root;k__Bacteria;p__Proteobacteria;c__Gammaproteobacteria;o__Pseudomonadales;f__Moraxellaceae;g__;s__	200
Root;k__Bacteria;p__Proteobacteria;c__Gammaproteobacteria;o__Pseudomonadales;f__Moraxellaceae;g__Acinetobacter;s__	7
Root;k__Bacteria;p__Proteobacteria;c__Gammaproteobacteria;o__Pseudomonadales;f__Moraxellaceae;g__Acinetobacter;s__johnsonii	1
Root;k__Bacteria;p__Proteobacteria;c__Gammaproteobacteria;o__Pseudomonadales;f__Moraxellaceae;g__Acinetobacter;s__lwoffii	1
Root;k__Bacteria;p__Proteobacteria;c__Gammaproteobacteria;o__Pseudomonadales;f__Moraxellaceae;g__Acinetobacter;s__rhizosphaerae	1
Root;k__Bacteria;p__Proteobacteria;c__Gammaproteobacteria;o__Pseudomonadales;f__Moraxellaceae;g__Perlucidibaca;s__	2
Root;k__Bacteria;p__Proteobacteria;c__Gammaproteobacteria;o__Pseudomonadales;f__Pseudomonadaceae;g__;s__	219
Root;k__Bacteria;p__Proteobacteria;c__Gammaproteobacteria;o__Pseudomonadales;f__Pseudomonadaceae;g__Pseudomonas;s__	1594
Root;k__Bacteria;p__Proteobacteria;c__Gammaproteobacteria;o__Pseudomonadales;f__Pseudomonadaceae;g__Pseudomonas;s__alcaligenes	191
Root;k__Bacteria;p__Proteobacteria;c__Gammaproteobacteria;o__Pseudomonadales;f__Pseudomonadaceae;g__Pseudomonas;s__balearica	5
Root;k__Bacteria;p__Proteobacteria;c__Gammaproteobacteria;o__Pseudomonadales;f__Pseudomonadaceae;g__Pseudomonas;s__fragi	2
Root;k__Bacteria;p__Proteobacteria;c__Gammaproteobacteria;o__Pseudomonadales;f__Pseudomonadaceae;g__Pseudomonas;s__stutzeri	29
Root;k__Bacteria;p__Proteobacteria;c__Gammaproteobacteria;o__Pseudomonadales;f__Pseudomonadaceae;g__Pseudomonas;s__veronii	2
Root;k__Bacteria;p__Proteobacteria;c__Gammaproteobacteria;o__Pseudomonadales;f__Pseudomonadaceae;g__Pseudomonas;s__viridiflava	28
Root;k__Bacteria;p__Proteobacteria;c__Gammaproteobacteria;o__Thiotrichales;f__Piscirickettsiaceae;g__;s__	449
Root;k__Bacteria;p__Proteobacteria;c__Gammaproteobacteria;o__Vibrionales;f__Pseudoalteromonadaceae;g__;s__	103
Root;k__Bacteria;p__Proteobacteria;c__Gammaproteobacteria;o__Xanthomonadales;f__Sinobacteraceae;g__;s__	1212
Root;k__Bacteria;p__Proteobacteria;c__Gammaproteobacteria;o__Xanthomonadales;f__Sinobacteraceae;g__Hydrocarboniphaga;s__effusa	1
Root;k__Bacteria;p__Proteobacteria;c__Gammaproteobacteria;o__Xanthomonadales;f__Sinobacteraceae;g__Nevskia;s__ramosa	7
Root;k__Bacteria;p__Proteobacteria;c__Gammaproteobacteria;o__Xanthomonadales;f__Sinobacteraceae;g__Steroidobacter;s__	450
Root;k__Bacteria;p__Proteobacteria;c__Gammaproteobacteria;o__Xanthomonadales;f__Xanthomonadaceae;g__;s__	1032
Root;k__Bacteria;p__Proteobacteria;c__Gammaproteobacteria;o__Xanthomonadales;f__Xanthomonadaceae;g__Aquimonas;s__	7
Root;k__Bacteria;p__Proteobacteria;c__Gammaproteobacteria;o__Xanthomonadales;f__Xanthomonadaceae;g__Arenimonas;s__	48
Root;k__Bacteria;p__Proteobacteria;c__Gammaproteobacteria;o__Xanthomonadales;f__Xanthomonadaceae;g__Dokdonella;s__	82
Root;k__Bacteria;p__Proteobacteria;c__Gammaproteobacteria;o__Xanthomonadales;f__Xanthomonadaceae;g__Luteibacter;s__rhizovicinus	2
Root;k__Bacteria;p__Proteobacteria;c__Gammaproteobacteria;o__Xanthomonadales;f__Xanthomonadaceae;g__Luteimonas;s__	37
Root;k__Bacteria;p__Proteobacteria;c__Gammaproteobacteria;o__Xanthomonadales;f__Xanthomonadaceae;g__Luteimonas;s__mephitis	9
Root;k__Bacteria;p__Proteobacteria;c__Gammaproteobacteria;o__Xanthomonadales;f__Xanthomonadaceae;g__Lysobacter;s__	389
Root;k__Bacteria;p__Proteobacteria;c__Gammaproteobacteria;o__Xanthomonadales;f__Xanthomonadaceae;g__Pseudoxanthomonas;s__mexicana	58
Root;k__Bacteria;p__Proteobacteria;c__Gammaproteobacteria;o__Xanthomonadales;f__Xanthomonadaceae;g__Silanimonas;s__mangrovi	1
Root;k__Bacteria;p__Proteobacteria;c__Gammaproteobacteria;o__Xanthomonadales;f__Xanthomonadaceae;g__Thermomonas;s__	1
Root;k__Bacteria;p__Proteobacteria;c__Gammaproteobacteria;o__Xanthomonadales;f__Xanthomonadaceae;g__Thermomonas;s__fusca	2
Root;k__Bacteria;p__Proteobacteria;c__TA18;o__CV90;f__;g__;s__	1
Root;k__Bacteria;p__Spirochaetes;c__[Leptospirae];o__[Leptospirales];f__Leptospiraceae;g__Turneriella;s__	1
Root;k__Bacteria;p__TM6;c__SJA-4;o__;f__;g__;s__	2
Root;k__Bacteria;p__TM7;c__;o__;f__;g__;s__	26
Root;k__Bacteria;p__TM7;c__SC3;o__;f__;g__;s__	13
Root;k__Bacteria;p__TM7;c__TM7-1;o__;f__;g__;s__	40
Root;k__Bacteria;p__TM7;c__TM7-3;o__;f__;g__;s__	3
Root;k__Bacteria;p__TM7;c__TM7-3;o__EW055;f__;g__;s__	9
Root;k__Bacteria;p__Tenericutes;c__Mollicutes;o__Anaeroplasmatales;f__Anaeroplasmataceae;g__Asteroleplasma;s__	2
Root;k__Bacteria;p__Verrucomicrobia;c__Opitutae;o__;f__;g__;s__	4
Root;k__Bacteria;p__Verrucomicrobia;c__Opitutae;o__Opitutales;f__Opitutaceae;g__;s__	6
Root;k__Bacteria;p__Verrucomicrobia;c__Opitutae;o__Opitutales;f__Opitutaceae;g__Opitutus;s__	11
Root;k__Bacteria;p__Verrucomicrobia;c__Verrucomicrobiae;o__Verrucomicrobiales;f__Verrucomicrobiaceae;g__Luteolibacter;s__	1
Root;k__Bacteria;p__Verrucomicrobia;c__[Pedosphaerae];o__[Pedosphaerales];f__;g__;s__	10
Root;k__Bacteria;p__Verrucomicrobia;c__[Spartobacteria];o__[Chthoniobacterales];f__[Chthoniobacteraceae];g__Chthoniobacter;s__	1
Root;k__Bacteria;p__Verrucomicrobia;c__[Spartobacteria];o__[Chthoniobacterales];f__[Chthoniobacteraceae];g__DA101;s__	5
Root;k__Bacteria;p__WS3;c__PRR-12;o__LD1-PA13;f__;g__;s__	5
Root;k__Bacteria;p__WS3;c__PRR-12;o__Sediment-1;f__;g__;s__	49
Root;k__Bacteria;p__WS3;c__PRR-12;o__Sediment-1;f__PRR-10;g__;s__	35
Root;k__Bacteria;p__WS4;c__;o__;f__;g__;s__	1
Root;k__Bacteria;p__ZB3;c__;o__;f__;g__;s__	1
Root;k__Bacteria;p__[Thermi];c__Deinococci;o__Deinococcales;f__Trueperaceae;g__B-42;s__	1

